x,y,embalse_nombre,demarcación_hidrografica,cauce,google,openstreetmap,wikidata,image,imagen,uso,provincia,coordenadas
36.1536149680001,-5.64973106899993,ALMODOVAR,GUADALETE Y BARBATE,RÍO ALMODÓVAR,,,https://www.wikidata.org/wiki/Q5369429,,,"Abastecimiento,Defensa frente avenidas",Cádiz,"36.1536149680001,-5.64973106899993"
42.7228732190001,-0.462683542999969,IBON DE IP,EBRO,BARRANCO DE IP,,,https://www.wikidata.org/wiki/Q23999337,,,Hidroeléctrico,Huesca,"42.7228732190001,-0.462683542999969"
38.095561881,-3.83109787299998,ZOCUECA,GUADALQUIVIR,RÍO  RUMBLAR,,,,,,"Abastecimiento,Defensa frente avenidas",Jaén,"38.095561881,-3.83109787299998"
43.277117956,-1.77374675199997,SAN ANTON,CANTABRICO ORIENTAL,RIO ENDARA,,,,,,Abastecimiento,Navarra,"43.277117956,-1.77374675199997"
38.0602631900001,-1.48765333199998,"CIERVA, LA",SEGURA,RIO MULA,,,https://www.wikidata.org/wiki/Q107738426,,,"Abastecimiento,Defensa frente avenidas",Murcia,"38.0602631900001,-1.48765333199998"
42.7450247100001,-0.352936039999975,ESCARRA,EBRO,RÍO ESCARRA,,,https://www.wikidata.org/wiki/Q95675526,,,Abastecimiento,Huesca,"42.7450247100001,-0.352936039999975"
38.738908709,-4.80134611699998,CASTILSERAS,GUADIANA,RIO VALDEAZOGUES,,,,,,"Abastecimiento,Defensa frente avenidas",Ciudad Real,"38.738908709,-4.80134611699998"
41.133459546,0.958540952000021,RIUDECANYES,CUENCAS INTERNAS DE CATALUÑA,RIERA DE RIUDECANYES,,,,,,"Abastecimiento,Defensa frente avenidas",Tarragona,"41.133459546,0.958540952000021"
42.916911187,-2.23343148499993,URDALUR,EBRO,RÍO ALTZANIA,,,,,,Abastecimiento,Navarra,"42.916911187,-2.23343148499993"
41.403921299,-5.27303186899996,SAN JOSE,DUERO,RÍO DUERO,,,,,,"Abastecimiento,Defensa frente avenidas",Valladolid,"41.403921299,-5.27303186899996"
39.1511076260001,-6.41827824299997,BOQUERON,GUADIANA,REGATO DEL ROSAL,,,,,,Abastecimiento,Badajoz,"39.1511076260001,-6.41827824299997"
37.8754537890001,-1.31662193299996,JOSE BAUTISTA,SEGURA,RIO GUADALENTIN O SANGONERA,,,,,,Abastecimiento,Murcia,"37.8754537890001,-1.31662193299996"
37.8776016350001,-1.32124601899994,JOSE BAUTISTA,SEGURA,RIO GUADALENTIN O SANGONERA,,,,,,Abastecimiento,Murcia,"37.8776016350001,-1.32124601899994"
42.4527079760001,-7.71396403899996,SAN PEDRO,MIÑO-SIL,RÍO SIL,https://www.google.com/search?kgmid=/g/11p4cqtf9c,,https://www.wikidata.org/wiki/Q105729417,,,"Hidroeléctrico,Abastecimiento",Lugo,"42.4527079760001,-7.71396403899996"
39.974474851,-2.73818245399997,CAMPOS DEL PARAISO,GUADIANA,RIO DE VALDEJUDIOS,,,,,,Abastecimiento,Cuenca,"39.974474851,-2.73818245399997"
40.8732344370001,-5.49557555299998,VILLAGONZALO,DUERO,RÍO TORMES,https://www.google.com/search?kgmid=/g/122wtfys,,https://www.wikidata.org/wiki/Q5678462,Azud de Villagonzalo 02.jpg,https://commons.wikimedia.org/wiki/File:Azud_de_Villagonzalo_02.jpg,"Abastecimiento,Industrial,Hidroeléctrico,Ganadero,Defensa frente avenidas",Salamanca,"40.8732344370001,-5.49557555299998"
39.8898591060001,-0.524556912999969,"REGAJO, EL",JUCAR,RIU PALANCIA,,,,,,"Abastecimiento,Defensa frente avenidas","Castelló,Castellón","39.8898591060001,-0.524556912999969"
39.237347379,-5.47071172699998,CUBILAR,GUADIANA,RIO CUBILAR,,,,,,"Abastecimiento,Defensa frente avenidas",Cáceres,"39.237347379,-5.47071172699998"
37.2991506870001,-4.67681989599993,MALPASILLO JAUJA,GUADALQUIVIR,RÍO  GENIL,,,,,,"Hidroeléctrico,Ganadero,Defensa frente avenidas",Córdoba,"37.2991506870001,-4.67681989599993"
39.996548874,-4.84137628499997,"PORTIÑA, LA",TAJO,ARROYO DE LA PORTIÑA,,,https://www.wikidata.org/wiki/Q52673428,La Portiña.jpg,https://commons.wikimedia.org/wiki/File:La_Portiña.jpg,Abastecimiento,Toledo,"39.996548874,-4.84137628499997"
42.608002556,-8.61626161099997,CALDAS DE REIS,GALICIA-COSTA,RÍO UMIA,,,,,,"Abastecimiento,Ganadero,Defensa frente avenidas",Pontevedra,"42.608002556,-8.61626161099997"
39.787914266,-0.37682482699995,ALGAR,JUCAR,RIU PALANCIA,,,,,,"Abastecimiento,Defensa frente avenidas","València,Valencia","39.787914266,-0.37682482699995"
40.6897420190001,-4.47398559699997,SERONES,DUERO,RÍO VOLTOYA,,,,,,Abastecimiento,Ávila,"40.6897420190001,-4.47398559699997"
38.0435042350001,-2.95222543699992,AGUASCEBAS,GUADALQUIVIR,ARROYO DE LAS AGUASCEBAS CHICO,,,,,,Abastecimiento,Jaén,"38.0435042350001,-2.95222543699992"
42.5003709690001,0.991459934000034,SALLENTE,EBRO,BARRANC DE LA LORA,,,,,,Abastecimiento,Lleida,"42.5003709690001,0.991459934000034"
40.01298709,-4.70624804799996,CAZALEGAS,TAJO,RÍO ALBERCHE,https://www.google.com/search?kgmid=/g/11dfr4j268,,https://www.wikidata.org/wiki/Q30278314,Vista aerea Embalse Cazalegas 1.jpg,https://commons.wikimedia.org/wiki/File:Vista_aerea_Embalse_Cazalegas_1.jpg,"Abastecimiento,Defensa frente avenidas",Toledo,"40.01298709,-4.70624804799996"
42.5422861970001,1.04058219400002,LAGO NEGRO,EBRO,,,,,,,"Abastecimiento,Defensa frente avenidas",Lleida,"42.5422861970001,1.04058219400002"
41.294686266,-1.08744698599997,"TORCAS, LAS",EBRO,RÍO HUERVA,,,https://www.wikidata.org/wiki/Q23991169,Pantano de las Torcas - panoramio.jpg,https://commons.wikimedia.org/wiki/File:Pantano_de_las_Torcas_-_panoramio.jpg,"Abastecimiento,Defensa frente avenidas",Zaragoza,"41.294686266,-1.08744698599997"
40.244500658,-2.83518801499997,"BUJEDA, LA",TAJO,SIN NOMBRE,,,,,,"Abastecimiento,Defensa frente avenidas",Guadalajara,"40.244500658,-2.83518801499997"
39.6252768730001,-4.38550029999993,"TORCON, EL",TAJO,ARROYO DEL TORCÓN,,,,,,Abastecimiento,Toledo,"39.6252768730001,-4.38550029999993"
38.8679274180001,-3.16849076499994,PUERTO DE VALLEHERMOSO,GUADIANA,RIO AZUER,,,,,,Abastecimiento,Ciudad Real,"38.8679274180001,-3.16849076499994"
38.345277652,-6.69588046499996,BROVALES,GUADIANA,ARROYO DE BROVALES,,,,,,Abastecimiento,Badajoz,"38.345277652,-6.69588046499996"
40.2743056580001,-2.95882007899996,ALMOGUERA,TAJO,RÍO TAJO,https://www.google.com/search?kgmid=/g/12283wdk,,https://www.wikidata.org/wiki/Q5672943,,,"Abastecimiento,Ganadero,Defensa frente avenidas",Guadalajara,"40.2743056580001,-2.95882007899996"
42.782028102,-0.223491101999969,BACHIMAÑA ALTO,EBRO,RÍO CALDARÉS,,,https://www.wikidata.org/wiki/Q95674644,,,"Abastecimiento,Defensa frente avenidas",Huesca,"42.782028102,-0.223491101999969"
40.6649699230001,-4.11756322999997,"JAROSA, LA",TAJO,ARROYO DE LA JAROSA,,,https://www.wikidata.org/wiki/Q1329216,Embalse de La Jarosa.JPG,https://commons.wikimedia.org/wiki/File:Embalse_de_La_Jarosa.JPG,"Abastecimiento,Defensa frente avenidas",Madrid,"40.6649699230001,-4.11756322999997"
40.6707061490001,-4.11778914799993,"JAROSA, LA",TAJO,ARROYO DE FUENTE CORNEJA,,,https://www.wikidata.org/wiki/Q1329216,Embalse de La Jarosa.JPG,https://commons.wikimedia.org/wiki/File:Embalse_de_La_Jarosa.JPG,"Abastecimiento,Defensa frente avenidas",Madrid,"40.6707061490001,-4.11778914799993"
42.198660902,-1.39084274799995,MALVECINO,EBRO,BARRANCO DE ONZANOVA,,,,,,"Abastecimiento,Defensa frente avenidas",Zaragoza,"42.198660902,-1.39084274799995"
40.9150074830001,-4.03624107199994,PONTON ALTO,DUERO,RÍO ERESMA,https://www.google.com/search?kgmid=/g/120wrl3k,,https://www.wikidata.org/wiki/Q5830615,Embalse del Pontón (9167948206).jpg,https://commons.wikimedia.org/wiki/File:Embalse_del_Pontón_(9167948206).jpg,Abastecimiento,Segovia,"40.9150074830001,-4.03624107199994"
39.8064449990001,-3.75294972199993,"CASTRO, EL",TAJO,RÍO ALGODOR,,,,,,Abastecimiento,Toledo,"39.8064449990001,-3.75294972199993"
36.960900983,-6.04259056299998,LEBRIJA,GUADALQUIVIR,,,,,,,Abastecimiento,Sevilla,"36.960900983,-6.04259056299998"
42.2903109210001,-1.58668498599997,"FERIAL, EL",EBRO,VAL DE LA FUENTE DEL FERIAL,,,,,,Abastecimiento,Navarra,"42.2903109210001,-1.58668498599997"
42.286924904,-1.58597230399994,"FERIAL, EL",EBRO,VAL DE LA FUENTE DEL FERIAL,,,,,,Abastecimiento,Navarra,"42.286924904,-1.58597230399994"
38.192427536,-2.26193352199994,TAIBILLA,SEGURA,RIO TAIBILLA,,,,,,Abastecimiento,Albacete,"38.192427536,-2.26193352199994"
41.380343456,-2.17816542799994,MONTEAGUDO DE LAS VICARIAS,EBRO,VERTIENTE POR LA MARGEN DERECHA DEL RÍO NAJIMA,,,,,,Abastecimiento,Soria,"41.380343456,-2.17816542799994"
41.386306441,-2.18959618999997,MONTEAGUDO DE LAS VICARIAS,EBRO,VERTIENTE POR LA MARGEN DERECHA DEL RÍO NAJIMA,,,,,,Abastecimiento,Soria,"41.386306441,-2.18959618999997"
38.1723978200001,-1.73353032399996,ARGOS,SEGURA,RIO ARGOS,https://www.google.com/search?kgmid=/g/1220l8n2,,https://www.wikidata.org/wiki/Q5830602,Pantano-argos-compuertas 01.jpg,https://commons.wikimedia.org/wiki/File:Pantano-argos-compuertas_01.jpg,"Abastecimiento,Defensa frente avenidas",Murcia,"38.1723978200001,-1.73353032399996"
43.089135608,-4.02396184799994,MEDIAJO,CANTABRICO OCCIDENTAL,,,,,,,Abastecimiento,Cantabria,"43.089135608,-4.02396184799994"
43.0225055220001,-2.47053633499996,URKULU,CANTABRICO ORIENTAL,TXAETA ERREKA,,,https://www.wikidata.org/wiki/Q12268686,Urkuluko uharka Anboto eta Udalatx.jpg,https://commons.wikimedia.org/wiki/File:Urkuluko_uharka_Anboto_eta_Udalatx.jpg,Abastecimiento,"Gipuzkoa,Guipúzcoa","43.0225055220001,-2.47053633499996"
42.3483453630001,-7.06397987999998,SANTA EULALIA,MIÑO-SIL,RÍO XARES,,,,,,"Abastecimiento,Hidroeléctrico",Ourense,"42.3483453630001,-7.06397987999998"
42.8660505030001,-4.52768060999995,CERVERA,DUERO,RÍO RIVERA O VENTANILLA,,,,,,"Abastecimiento,Industrial,Hidroeléctrico,Ganadero,Defensa frente avenidas",Palencia,"42.8660505030001,-4.52768060999995"
42.390996026,-7.21834378999995,MONTEFURADO,MIÑO-SIL,RÍO BIBEI,,,,,,Abastecimiento,Lugo,"42.390996026,-7.21834378999995"
38.9236610560001,-6.42868094199997,MONTIJO,GUADIANA,RIO GUADIANA,,,,,,"Abastecimiento,Defensa frente avenidas",Badajoz,"38.9236610560001,-6.42868094199997"
38.473447859,-6.92088528799997,"AGUIJON, EL",GUADIANA,RIO ALCARRACHE,,,,,,Abastecimiento,Badajoz,"38.473447859,-6.92088528799997"
42.450804406,-7.25122124099994,SEQUEIROS,MIÑO-SIL,RÍO SIL,,,,,,Abastecimiento,Lugo,"42.450804406,-7.25122124099994"
38.2573070890001,-0.791022540999961,CREVILLENTE,SEGURA,BARRANCO DEL BOSCH,,,,,,Abastecimiento,"Alacant,Alicante","38.2573070890001,-0.791022540999961"
40.670915209,0.233962578000046,ULLDECONA,JUCAR,RIU DE LA SÉNIA,,,https://www.wikidata.org/wiki/Q202052,Ulldecona.1.jpg,https://commons.wikimedia.org/wiki/File:Ulldecona.1.jpg,"Abastecimiento,Defensa frente avenidas","Castelló,Castellón","40.670915209,0.233962578000046"
40.7150019000001,-4.00500334299994,NAVACERRADA,TAJO,RÍO NAVACERRADA,,,,,,Abastecimiento,Madrid,"40.7150019000001,-4.00500334299994"
37.8054910990001,-1.96467018699997,VALDEINFIERNO,SEGURA,RIO LUCHENA,https://www.google.com/search?kgmid=/g/1228rq7r,https://www.openstreetmap.org/relation/1450307,https://www.wikidata.org/wiki/Q5490023,,,"Abastecimiento,Defensa frente avenidas",Murcia,"37.8054910990001,-1.96467018699997"
41.098764213,0.751588232000074,GUIAMETS,EBRO,RIERA DE LES OLLES,,,,,,Abastecimiento,Tarragona,"41.098764213,0.751588232000074"
43.1287549570001,-2.22691844199994,IBAI-EDER,CANTABRICO ORIENTAL,URRESTILLA IBAIA,,,,,,Abastecimiento,"Gipuzkoa,Guipúzcoa","43.1287549570001,-2.22691844199994"
40.2100666220001,-1.92215366299996,"TOBA, LA",JUCAR,RÍO JÚCAR,,,https://www.wikidata.org/wiki/Q23995855,Serranía de Cuenca 1979 06.jpg,https://commons.wikimedia.org/wiki/File:Serranía_de_Cuenca_1979_06.jpg,Abastecimiento,Cuenca,"40.2100666220001,-1.92215366299996"
37.314011421,-7.20394871099995,"MACHOS, LOS","TINTO, ODIEL Y PIEDRAS",RÍO PIEDRAS,,,,,,"Abastecimiento,Defensa frente avenidas",Huelva,"37.314011421,-7.20394871099995"
42.4564492920001,-6.81942030899995,PEÑARRUBIA,MIÑO-SIL,RÍO SIL,https://www.google.com/search?kgmid=/g/1203lz94g,,https://www.wikidata.org/wiki/Q5830543,Embalse de Peñarrubia (395260864).jpg,https://commons.wikimedia.org/wiki/File:Embalse_de_Peñarrubia_(395260864).jpg,Abastecimiento,Ourense,"42.4564492920001,-6.81942030899995"
37.8247225110001,-5.23720810199995,BEMBEZAR,GUADALQUIVIR,RÍO  BEMBÉZAR,,,https://www.wikidata.org/wiki/Q5830414,Embalsebembezar.jpg,https://commons.wikimedia.org/wiki/File:Embalsebembezar.jpg,Abastecimiento,Córdoba,"37.8247225110001,-5.23720810199995"
41.2495806650001,0.913874355000075,CIURANA,EBRO,RIU DE SIURANA,https://www.google.com/search?kgmid=/g/1hb_f69pj,https://www.openstreetmap.org/relation/5581963,https://www.wikidata.org/wiki/Q3376614,"Embasament de Surana, el Priorat.JPG","https://commons.wikimedia.org/wiki/File:Embasament_de_Surana,_el_Priorat.JPG","Abastecimiento,Defensa frente avenidas",Tarragona,"41.2495806650001,0.913874355000075"
38.679938329,-0.19178029699998,GUADALEST,JUCAR,RIU BENIARDÁ O GUADALEST,https://www.google.com/search?kgmid=/g/122vxrxt,,https://www.wikidata.org/wiki/Q3373919,Pantano de Guadalest.jpg,https://commons.wikimedia.org/wiki/File:Pantano_de_Guadalest.jpg,"Abastecimiento,Defensa frente avenidas","Alacant,Alicante","38.679938329,-0.19178029699998"
42.30237966,-0.347295588999941,SANTA MARIA BELSUE,EBRO,RÍO FLUMEN,,,,,,Abastecimiento,Huesca,"42.30237966,-0.347295588999941"
38.558512121,-3.62973097799994,"FRESNEDA, LA",GUADALQUIVIR,RÍO  JÁNDULA O FRESNEDA O JORGE,,,,,,Abastecimiento,Ciudad Real,"38.558512121,-3.62973097799994"
42.9849261200001,-1.15747190799993,IRABIA,EBRO,RÍO IRATI,,,,,,"Abastecimiento,Ganadero,Defensa frente avenidas",Navarra,"42.9849261200001,-1.15747190799993"
37.2032970490001,-3.43802682299997,QUENTAR,GUADALQUIVIR,RÍO DE AGUAS BLANCAS,,,https://www.wikidata.org/wiki/Q5369453,Embalse de Quéntar 05.JPG,https://commons.wikimedia.org/wiki/File:Embalse_de_Quéntar_05.JPG,"Abastecimiento,Ganadero,Defensa frente avenidas",Granada,"37.2032970490001,-3.43802682299997"
38.2232084,-1.59952768299996,ALFONSO XIII,SEGURA,RÍO QUIPAR O RAMBLA MULLIDAR,,,,,,"Abastecimiento,Defensa frente avenidas",Murcia,"38.2232084,-1.59952768299996"
41.337311189,-3.88541240699993,BURGOMILLODO,DUERO,RÍO DURATÓN,https://www.google.com/search?kgmid=/g/121_4pt5,https://www.openstreetmap.org/relation/4116775,https://www.wikidata.org/wiki/Q5830416,Hoces del río Duratón - 03.jpg,https://commons.wikimedia.org/wiki/File:Hoces_del_río_Duratón_-_03.jpg,Abastecimiento,Segovia,"41.337311189,-3.88541240699993"
39.363901431,-6.30464727599997,SALOR,TAJO,RÍO SALOR,https://www.google.com/search?kgmid=/g/11h70_p1q2,,https://www.wikidata.org/wiki/Q63384116,,,Abastecimiento,Cáceres,"39.363901431,-6.30464727599997"
40.347880305,-5.77448415699996,NAVAMUÑO,TAJO,SIN NOMBRE,https://www.google.com/search?kgmid=/g/122gflb1,,https://www.wikidata.org/wiki/Q5830534,Embalse de navamuño con vista del espigón de seguridad.jpg,https://commons.wikimedia.org/wiki/File:Embalse_de_navamuño_con_vista_del_espigón_de_seguridad.jpg,Abastecimiento,Salamanca,"40.347880305,-5.77448415699996"
41.006227376,-5.30342870499993,RIOLOBOS,DUERO,ARROYO DE RIOLOBOS O ARROYO DE LA DEHESA,,,,,,Abastecimiento,Salamanca,"41.006227376,-5.30342870499993"
40.9949078490001,-5.28929176699995,RIOLOBOS,DUERO,REGATO DE VALDEGOLLADO,,,,,,Abastecimiento,Salamanca,"40.9949078490001,-5.28929176699995"
36.7513393790001,-5.79558309999993,ARCOS,GUADALETE Y BARBATE,RÍO GUADALETE,,,https://www.wikidata.org/wiki/Q17279790,PresaArcos MIN-DSC06967.JPG,https://commons.wikimedia.org/wiki/File:PresaArcos_MIN-DSC06967.JPG,"Abastecimiento,Defensa frente avenidas",Cádiz,"36.7513393790001,-5.79558309999993"
36.7513900490001,-5.79150857699995,ARCOS,GUADALETE Y BARBATE,RÍO GUADALETE,,,https://www.wikidata.org/wiki/Q17279790,PresaArcos MIN-DSC06967.JPG,https://commons.wikimedia.org/wiki/File:PresaArcos_MIN-DSC06967.JPG,"Abastecimiento,Defensa frente avenidas",Cádiz,"36.7513900490001,-5.79150857699995"
42.498086748,-6.76967359799994,"CAMPAÑANA, LA",MIÑO-SIL,ARROYO DE BALÉN,https://www.google.com/search?kgmid=/g/1203m01h4,,https://www.wikidata.org/wiki/Q5830421,Embalsde la Campañana desde San Juan de Paluezas.jpg,https://commons.wikimedia.org/wiki/File:Embalsde_la_Campañana_desde_San_Juan_de_Paluezas.jpg,Abastecimiento,León,"42.498086748,-6.76967359799994"
42.50033776,-6.75720479699993,"CAMPAÑANA, LA",MIÑO-SIL,VERTIENTE POR LA MARGEN DERECHA DEL ARROYO DE LOS ÁLAMOS,https://www.google.com/search?kgmid=/g/1203m01h4,,https://www.wikidata.org/wiki/Q5830421,Embalsde la Campañana desde San Juan de Paluezas.jpg,https://commons.wikimedia.org/wiki/File:Embalsde_la_Campañana_desde_San_Juan_de_Paluezas.jpg,Abastecimiento,León,"42.50033776,-6.75720479699993"
38.563891508,-6.73651674799993,NOGALES,GUADIANA,RIVERA DO NOGALES,https://www.google.com/search?kgmid=/g/12dpx021_,,https://www.wikidata.org/wiki/Q16561606,Nogales Sequía.jpg,https://commons.wikimedia.org/wiki/File:Nogales_Sequía.jpg,"Abastecimiento,Defensa frente avenidas",Badajoz,"38.563891508,-6.73651674799993"
38.164548686,-3.99287874699996,ENCINAREJO,GUADALQUIVIR,RÍO  JÁNDULA O FRESNEDA O JORGE,,,,,,"Hidroeléctrico,Defensa frente avenidas",Jaén,"38.164548686,-3.99287874699996"
38.0434511560001,-1.29443525699998,"RODEOS, LOS",SEGURA,RIO MULA,,,https://www.wikidata.org/wiki/Q107738433,,,Abastecimiento,Murcia,"38.0434511560001,-1.29443525699998"
39.3931095610001,-5.39044150299998,CANCHO DEL FRESNO,GUADIANA,RIO RUECAS,,,,,,"Abastecimiento,Hidroeléctrico,Ganadero,Defensa frente avenidas",Cáceres,"39.3931095610001,-5.39044150299998"
40.3333175330001,-4.24917123099993,PICADAS,TAJO,RÍO ALBERCHE,https://www.google.com/search?kgmid=/g/121vl666,,https://www.wikidata.org/wiki/Q5830546,Cola del embalse de Picadas 001.jpg,https://commons.wikimedia.org/wiki/File:Cola_del_embalse_de_Picadas_001.jpg,"Abastecimiento,Ganadero,Defensa frente avenidas",Madrid,"40.3333175330001,-4.24917123099993"
42.2412072050001,-0.278563394999935,VADIELLO,EBRO,RÍO GUATIZALEMA,,,,,,"Abastecimiento,Defensa frente avenidas",Huesca,"42.2412072050001,-0.278563394999935"
38.5337220420001,-0.264786822999952,AMADORIO,JUCAR,RIU AMADORIO,,,,,,"Abastecimiento,Defensa frente avenidas","Alacant,Alicante","38.5337220420001,-0.264786822999952"
42.58555584,0.854115437000075,CAVALLERS,EBRO,LA NOGUERA DE TOR,,,,,,Hidroeléctrico,Lleida,"42.58555584,0.854115437000075"
38.68712586,-7.02207805699993,PIEDRA AGUDA,GUADIANA,RIO OLIVENZA,,,,,,"Abastecimiento,Defensa frente avenidas",Badajoz,"38.68712586,-7.02207805699993"
42.5809309520001,0.694450386000028,LLAUSET,EBRO,RÍO LLAUSET,,,,,,Hidroeléctrico,Huesca,"42.5809309520001,0.694450386000028"
42.357859342,-7.85142526699997,VELLE,MIÑO-SIL,RÍO MIÑO,,,,,,"Abastecimiento,Defensa frente avenidas",Ourense,"42.357859342,-7.85142526699997"
42.8156272250001,-0.297330793999947,RESPOMUSO,EBRO,RÍO AGUAS LIMPIAS,https://www.google.com/search?kgmid=/g/121n92_p,,https://www.wikidata.org/wiki/Q3427764,L'ivó de Respomuso i pic de Musales (cropped).jpg,https://commons.wikimedia.org/wiki/File:L'ivó_de_Respomuso_i_pic_de_Musales_(cropped).jpg,Abastecimiento,Huesca,"42.8156272250001,-0.297330793999947"
40.8194375680001,0.134230182000067,PENA,EBRO,RÍO PENA,,,,,,"Abastecimiento,Defensa frente avenidas",Teruel,"40.8194375680001,0.134230182000067"
37.449084574,-6.57274195299993,CORUMBEL BAJO,"TINTO, ODIEL Y PIEDRAS",RÍO CORUMBEL,,,,,,"Abastecimiento,Defensa frente avenidas",Huelva,"37.449084574,-6.57274195299993"
39.7999260600001,-4.08754612399997,GUAJARAZ,TAJO,ARROYO DEL GUAJARAZ,,https://www.openstreetmap.org/relation/3374623,https://www.wikidata.org/wiki/Q26904323,Pantano de Guajaraz (32153415468).jpg,https://commons.wikimedia.org/wiki/File:Pantano_de_Guajaraz_(32153415468).jpg,Abastecimiento,Toledo,"39.7999260600001,-4.08754612399997"
43.0945645850001,-8.49268471099998,VILAGUDIN,GALICIA-COSTA,RÍO PARADELA,,,,,,Abastecimiento,A Coruña,"43.0945645850001,-8.49268471099998"
40.0282904270001,-0.163969956999949,MARIA CRISTINA,JUCAR,RAMBLA DE LA VIUDA,https://www.google.com/search?kgmid=/g/120j37yv,,https://www.wikidata.org/wiki/Q5830527,Presa Pantano Maria Cristina.jpg,https://commons.wikimedia.org/wiki/File:Presa_Pantano_Maria_Cristina.jpg,"Abastecimiento,Defensa frente avenidas","Castelló,Castellón","40.0282904270001,-0.163969956999949"
37.639127269,-4.01175384999993,VIBORAS,GUADALQUIVIR,RÍO  VÍBORAS,,,,,,"Abastecimiento,Defensa frente avenidas",Jaén,"37.639127269,-4.01175384999993"
38.301870679,-6.67658085999994,VALUENGO,GUADIANA,RIO ARDILA,,,,,,"Abastecimiento,Defensa frente avenidas",Badajoz,"38.301870679,-6.67658085999994"
42.6484728770001,-6.07216067399997,VILLAMECA,DUERO,RÍO TUERTO,https://www.google.com/search?kgmid=/g/120phcs9,https://www.openstreetmap.org/relation/1386726,https://www.wikidata.org/wiki/Q5830589,Embase Villameca 18-01-2010 - panoramio.jpg,https://commons.wikimedia.org/wiki/File:Embase_Villameca_18-01-2010_-_panoramio.jpg,"Abastecimiento,Ganadero,Defensa frente avenidas",León,"42.6484728770001,-6.07216067399997"
42.64729808,-6.06777581499995,VILLAMECA,DUERO,RÍO TUERTO,https://www.google.com/search?kgmid=/g/120phcs9,https://www.openstreetmap.org/relation/1386726,https://www.wikidata.org/wiki/Q5830589,Embase Villameca 18-01-2010 - panoramio.jpg,https://commons.wikimedia.org/wiki/File:Embase_Villameca_18-01-2010_-_panoramio.jpg,"Abastecimiento,Ganadero,Defensa frente avenidas",León,"42.64729808,-6.06777581499995"
42.648767698,-6.05942422599998,VILLAMECA,DUERO,,,,,,,"Abastecimiento,Ganadero,Defensa frente avenidas",León,"42.648767698,-6.05942422599998"
42.767126621,-3.10021329299997,SOBRON,EBRO,RÍO EBRO,,,,,,Abastecimiento,"Araba,Álava","42.767126621,-3.10021329299997"
39.487293193,-6.29761917899998,GUADILOBA,TAJO,RÍO GUADIOLOBA,https://www.google.com/search?kgmid=/g/11h18yvys4,,https://www.wikidata.org/wiki/Q63392467,,,Abastecimiento,Cáceres,"39.487293193,-6.29761917899998"
41.5738088460001,-1.76909459999996,MAIDEVERA,EBRO,RÍO ARANDA,,,https://www.wikidata.org/wiki/Q94988427,Pantano de Maidevera - panoramio.jpg,https://commons.wikimedia.org/wiki/File:Pantano_de_Maidevera_-_panoramio.jpg,"Abastecimiento,Defensa frente avenidas",Zaragoza,"41.5738088460001,-1.76909459999996"
41.5747146200001,-1.76034515199996,MAIDEVERA,EBRO,RÍO ARANDA,,,https://www.wikidata.org/wiki/Q94988427,Pantano de Maidevera - panoramio.jpg,https://commons.wikimedia.org/wiki/File:Pantano_de_Maidevera_-_panoramio.jpg,"Abastecimiento,Defensa frente avenidas",Zaragoza,"41.5747146200001,-1.76034515199996"
42.660979092,-7.42345703199993,VILASOUTO,MIÑO-SIL,RÍO MAO,,,,,,"Abastecimiento,Defensa frente avenidas",Lugo,"42.660979092,-7.42345703199993"
37.5322020510001,-6.28346466799997,"AGRIO, EL",GUADALQUIVIR,RÍO  CRISPINEJO O AGRIO,,,,,,"Abastecimiento,Defensa frente avenidas",Sevilla,"37.5322020510001,-6.28346466799997"
37.274509489,-3.68317058099996,CUBILLAS,GUADALQUIVIR,RÍO  CUBILLAS,,,https://www.wikidata.org/wiki/Q5369439,Embalse del Cubillas (Granada).jpg,https://commons.wikimedia.org/wiki/File:Embalse_del_Cubillas_(Granada).jpg,Abastecimiento,Granada,"37.274509489,-3.68317058099996"
39.1890571110001,-5.35996145499996,GARGALIGAS,GUADIANA,RIO GARGALIGAS,,,,,,"Abastecimiento,Defensa frente avenidas",Badajoz,"39.1890571110001,-5.35996145499996"
40.3639950640001,-1.20489484199993,ARQUILLO DE SAN BLAS,JUCAR,RIO TURIA O GUADALAVIAR,https://www.google.com/search?kgmid=/g/1211pdb5,https://www.openstreetmap.org/relation/7897124,https://www.wikidata.org/wiki/Q11681446,Embalse del Arquillo de San Blas 11.jpg,https://commons.wikimedia.org/wiki/File:Embalse_del_Arquillo_de_San_Blas_11.jpg,"Abastecimiento,Hidroeléctrico,Ganadero,Defensa frente avenidas",Teruel,"40.3639950640001,-1.20489484199993"
42.578713312,0.758746737000024,BASERCA,EBRO,RÍO NOGUERA RIBAGORÇANA,https://www.google.com/search?kgmid=/g/12353cj_,https://www.openstreetmap.org/relation/7189805,https://www.wikidata.org/wiki/Q11940022,Pantà de Baserca.jpg,https://commons.wikimedia.org/wiki/File:Pantà_de_Baserca.jpg,"Hidroeléctrico,Defensa frente avenidas",Lleida,"42.578713312,0.758746737000024"
42.9720260930001,-1.51442096399995,EUGUI,EBRO,RIO ARGA,https://www.google.com/search?kgmid=/g/11bvtzy7x_,,https://www.wikidata.org/wiki/Q12257397,Eugiko presa - Presa de Eugui.JPG,https://commons.wikimedia.org/wiki/File:Eugiko_presa_-_Presa_de_Eugui.JPG,"Abastecimiento,Defensa frente avenidas",Navarra,"42.9720260930001,-1.51442096399995"
38.0953790500001,-1.08850565499995,SANTOMERA,SEGURA,RAMBLA SALADA,https://www.google.com/search?kgmid=/g/1211r6xt,,https://www.wikidata.org/wiki/Q5476272,Embalse de Santomera.jpg,https://commons.wikimedia.org/wiki/File:Embalse_de_Santomera.jpg,"Abastecimiento,Defensa frente avenidas",Murcia,"38.0953790500001,-1.08850565499995"
38.09411349,-1.08937104299997,SANTOMERA,SEGURA,RAMBLA SALADA,https://www.google.com/search?kgmid=/g/1211r6xt,,https://www.wikidata.org/wiki/Q5476272,Embalse de Santomera.jpg,https://commons.wikimedia.org/wiki/File:Embalse_de_Santomera.jpg,"Abastecimiento,Defensa frente avenidas",Murcia,"38.09411349,-1.08937104299997"
40.9872073600001,-0.692681022999977,CUEVA FORADADA,EBRO,RÍO MARTÍN,https://www.google.com/search?kgmid=/g/1tc_sbl8,,https://www.wikidata.org/wiki/Q85913248,,,"Abastecimiento,Ganadero,Defensa frente avenidas",Teruel,"40.9872073600001,-0.692681022999977"
43.1604152670001,-3.28388846399997,ORDUNTE,CANTABRICO ORIENTAL,RÍO ORDUNTE,,,,,,Abastecimiento,Burgos,"43.1604152670001,-3.28388846399997"
42.263942951,-3.33957144699997,ARLANZON,DUERO,RÍO ARLANZÓN,https://www.google.com/search?kgmid=/g/120lwg9c,,https://www.wikidata.org/wiki/Q11681445,Embalse de Arlanzon.JPG,https://commons.wikimedia.org/wiki/File:Embalse_de_Arlanzon.JPG,"Abastecimiento,Ganadero,Defensa frente avenidas",Burgos,"42.263942951,-3.33957144699997"
40.529781939,-6.48161367799997,AGUEDA,DUERO,RÍO ÁGUEDA,,,,,,"Abastecimiento,Ganadero,Defensa frente avenidas",Salamanca,"40.529781939,-6.48161367799997"
40.9474491760001,-3.56294228099995,"VILLAR, EL",TAJO,RÍO LOZOYA,https://www.google.com/search?kgmid=/g/121_4d1r,,https://www.wikidata.org/wiki/Q5830463,006543 - Embalse de El Villar (7711294080).jpg,https://commons.wikimedia.org/wiki/File:006543_-_Embalse_de_El_Villar_(7711294080).jpg,"Abastecimiento,Defensa frente avenidas",Madrid,"40.9474491760001,-3.56294228099995"
42.1158687330001,-6.83043827699993,PUENTE PORTO,DUERO,ARROYO DE BAJO DEL CASTILLÓN,,,,,,Abastecimiento,Zamora,"42.1158687330001,-6.83043827699993"
43.0720798520001,-4.01289343399998,ALSA TORINA,CANTABRICO OCCIDENTAL,ARROYO DE MOJÓN,,,,,,Abastecimiento,Cantabria,"43.0720798520001,-4.01289343399998"
43.0947327860001,-3.99995942799995,ALSA TORINA,CANTABRICO OCCIDENTAL,RÍO TORINA O TORINO,,,,,,Abastecimiento,Cantabria,"43.0947327860001,-3.99995942799995"
38.6400374940001,-1.50110869599996,"BAYCO, RAMBLA DE",SEGURA,RAMBLA DE ORTIGOSA,,,,,,Abastecimiento,Albacete,"38.6400374940001,-1.50110869599996"
36.80441203,-4.49571219199993,CASASOLA,CUENCAS MEDITERRANEAS ANDALUZAS,RÍO CAMPANILLAS,https://www.google.com/search?kgmid=/g/120n2j5y,,https://www.wikidata.org/wiki/Q5830430,,,"Abastecimiento,Defensa frente avenidas",Málaga,"36.80441203,-4.49571219199993"
40.6125237900001,-4.22148248499997,"ACEÑA, LA",TAJO,RÍO DE LA ACEÑA,https://www.google.com/search?kgmid=/g/121_zmv_,https://www.openstreetmap.org/relation/1407214,https://www.wikidata.org/wiki/Q11681441,ES4110097-Campo Azalvaro-Pinares Peguerinos-Embalse de la Aceña DSC6629.jpg,https://commons.wikimedia.org/wiki/File:ES4110097-Campo_Azalvaro-Pinares_Peguerinos-Embalse_de_la_Aceña_DSC6629.jpg,"Abastecimiento,Defensa frente avenidas",Ávila,"40.6125237900001,-4.22148248499997"
41.9629241380001,1.60560158600003,SANT PONC,CUENCAS INTERNAS DE CATALUÑA,RIU CARDENER,,,,,,"Abastecimiento,Ganadero,Defensa frente avenidas",Lleida,"41.9629241380001,1.60560158600003"
39.1524666400001,-6.43288892199996,HORNO TEJERO,GUADIANA,RIVERA DE LACARA,,,,,,Abastecimiento,Badajoz,"39.1524666400001,-6.43288892199996"
42.750213783,-0.314386454999976,LANUZA,EBRO,RÍO GÁLLEGO,https://www.google.com/search?kgmid=/g/1229dgd0,,https://www.wikidata.org/wiki/Q3377773,Embalse de Lanuza y Foratata.jpg,https://commons.wikimedia.org/wiki/File:Embalse_de_Lanuza_y_Foratata.jpg,Abastecimiento,Huesca,"42.750213783,-0.314386454999976"
36.758417373,-4.43246489999996,"LIMONERO, EL",CUENCAS MEDITERRANEAS ANDALUZAS,RÍO GUADALMEDINA,,,,,,"Abastecimiento,Defensa frente avenidas",Málaga,"36.758417373,-4.43246489999996"
42.3833827130001,-0.735549655999932,"PEÑA, LA",EBRO,RÍO GÁLLEGO,,,,,,Abastecimiento,Huesca,"42.3833827130001,-0.735549655999932"
41.8757919440001,-1.78697264699997,VAL,EBRO,RIO DE LA CASA O VAL,,,https://www.wikidata.org/wiki/Q95570755,,,"Abastecimiento,Ganadero,Defensa frente avenidas",Zaragoza,"41.8757919440001,-1.78697264699997"
37.7347336080001,-1.81922575299996,PUENTES IV,SEGURA,RIO GUADALENTIN O SANGONERA,,,,,,"Abastecimiento,Defensa frente avenidas",Murcia,"37.7347336080001,-1.81922575299996"
37.740643543,-1.82258208899998,PUENTES IV,SEGURA,RIO GUADALENTIN O SANGONERA,,,,,,"Abastecimiento,Defensa frente avenidas",Murcia,"37.740643543,-1.82258208899998"
38.964354455,-6.52263624799997,"CANCHALES, LOS",GUADIANA,RIO LACARA,https://www.google.com/search?kgmid=/g/11b6x7ykth,https://www.openstreetmap.org/relation/2082226,https://www.wikidata.org/wiki/Q18753075,Embalse de Los Canchales.jpg,https://commons.wikimedia.org/wiki/File:Embalse_de_Los_Canchales.jpg,"Abastecimiento,Defensa frente avenidas",Badajoz,"38.964354455,-6.52263624799997"
38.8149169910001,-0.356155444999956,BENIARRES,JUCAR,RÍO SERPIS,,,,,,Abastecimiento,"Alacant,Alicante","38.8149169910001,-0.356155444999956"
41.57537726,-6.18722467599997,CASTRO,DUERO,RÍO DUERO,,,https://www.wikidata.org/wiki/Q110295650,,,Abastecimiento,Zamora,"41.57537726,-6.18722467599997"
37.712180796,-6.80803912999994,SOTIEL,"TINTO, ODIEL Y PIEDRAS",RIVERA OLIVARGAS,,,,,,Abastecimiento,Huelva,"37.712180796,-6.80803912999994"
42.9069858300001,-6.35038478399997,"ROZAS, LAS",MIÑO-SIL,RÍO SIL,,,,,,"Abastecimiento,Defensa frente avenidas",León,"42.9069858300001,-6.35038478399997"
40.363245856,-2.81868119299997,BOLARQUE,TAJO,RÍO TAJO,https://www.google.com/search?kgmid=/g/12283wdl,,https://www.wikidata.org/wiki/Q8775290,Embalse de Bolarque 01.jpg,https://commons.wikimedia.org/wiki/File:Embalse_de_Bolarque_01.jpg,"Abastecimiento,Defensa frente avenidas",Guadalajara,"40.363245856,-2.81868119299997"
41.050474754,-2.93994336499998,PALMACES,TAJO,RÍO CAÑAMARES,https://www.google.com/search?kgmid=/g/121lswsr,,https://www.wikidata.org/wiki/Q5658823,Pálmaces - Pantano - panoramio.jpg,https://commons.wikimedia.org/wiki/File:Pálmaces_-_Pantano_-_panoramio.jpg,Abastecimiento,Guadalajara,"41.050474754,-2.93994336499998"
42.8649691900001,-8.79707815799998,BARRIE DE LA MAZA,GALICIA-COSTA,RÍO TAMBRE,,,,,,Abastecimiento,A Coruña,"42.8649691900001,-8.79707815799998"
37.6330053230001,-3.72850877899998,QUIEBRAJANO,GUADALQUIVIR,RÍO  QUIEBRAJANO,,,,,,Abastecimiento,Jaén,"37.6330053230001,-3.72850877899998"
42.1737805980001,-2.67275261299994,GONZALEZ LACASA,EBRO,ARROYO DE LOS ALBERCOS,https://www.google.com/search?kgmid=/g/120_4jdm,,https://www.wikidata.org/wiki/Q5830377,G.Lacasa2.jpg,https://commons.wikimedia.org/wiki/File:G.Lacasa2.jpg,"Abastecimiento,Ganadero,Defensa frente avenidas",La Rioja,"42.1737805980001,-2.67275261299994"
43.220949729,-5.42776056999998,TANES,CANTABRICO OCCIDENTAL,RÍO NALÓN,,,,,,"Abastecimiento,Defensa frente avenidas",Asturias,"43.220949729,-5.42776056999998"
37.8040083020001,-2.78730105799997,"PORTILLO, EL",GUADALQUIVIR,RÍO  CASTRIL,,,https://www.wikidata.org/wiki/Q11966988,Embalse del Portillo.JPG,https://commons.wikimedia.org/wiki/File:Embalse_del_Portillo.JPG,"Abastecimiento,Defensa frente avenidas",Granada,"37.8040083020001,-2.78730105799997"
38.7610742730001,-3.78659975599993,"VEGA DEL JABALON, LA",GUADIANA,RIO JABALON,,,,,,Abastecimiento,Ciudad Real,"38.7610742730001,-3.78659975599993"
40.0482099480001,-5.14236058399996,NAVALCAN,TAJO,RÍO GUADYERBAS,,,,,,"Abastecimiento,Ganadero,Defensa frente avenidas",Toledo,"40.0482099480001,-5.14236058399996"
37.3492563180001,-4.72116142999994,CORDOBILLA,GUADALQUIVIR,RÍO  GENIL,,,,,,"Hidroeléctrico,Defensa frente avenidas",Sevilla,"37.3492563180001,-4.72116142999994"
38.5329287000001,-6.12167919199993,"MOLINOS DE MATACHEL, LOS",GUADIANA,RIO MATACHEL,,,,,,"Abastecimiento,Defensa frente avenidas",Badajoz,"38.5329287000001,-6.12167919199993"
38.5085969190001,-1.86470514699994,"TALAVE, EL",SEGURA,RIO MUNDO,https://www.google.com/search?kgmid=/g/122sg9_l,,https://www.wikidata.org/wiki/Q5830460,Embalse del Talave.jpg,https://commons.wikimedia.org/wiki/File:Embalse_del_Talave.jpg,"Abastecimiento,Hidroeléctrico,Ganadero,Defensa frente avenidas",Albacete,"38.5085969190001,-1.86470514699994"
42.0890324270001,-2.61013101999993,PAJARES,EBRO,RÍO DE PIQUERAS,https://www.google.com/search?kgmid=/g/122dlpn_,,https://www.wikidata.org/wiki/Q8775368,Presa de Pajares.jpg,https://commons.wikimedia.org/wiki/File:Presa_de_Pajares.jpg,"Abastecimiento,Ganadero,Defensa frente avenidas",La Rioja,"42.0890324270001,-2.61013101999993"
38.3399580770001,-1.64879497099997,CAMARILLAS,SEGURA,RIO MUNDO,,,https://www.wikidata.org/wiki/Q30908875,Embalse del Camarillas2.png,https://commons.wikimedia.org/wiki/File:Embalse_del_Camarillas2.png,"Abastecimiento,Defensa frente avenidas",Albacete,"38.3399580770001,-1.64879497099997"
41.9780455630001,-6.14139184999993,NUESTRA SEÑORA DEL AGAVANZAL,DUERO,RÍO TERA,,,,,,"Abastecimiento,Defensa frente avenidas",Zamora,"41.9780455630001,-6.14139184999993"
37.5672733050001,-6.04905378099994,GERGAL,GUADALQUIVIR,RIVERA DE HUELVA,,,,,,Abastecimiento,Sevilla,"37.5672733050001,-6.04905378099994"
42.92752926,-5.75913376799997,CASARES DE ARBAS,DUERO,RÍO CASARES,,,,,,"Abastecimiento,Defensa frente avenidas",León,"42.92752926,-5.75913376799997"
41.075332577,-2.78506228099997,"ATANCE, EL",TAJO,RÍO SALADO,https://www.google.com/search?kgmid=/g/1217c8pr,,https://www.wikidata.org/wiki/Q6429110,Pantano del Atance.jpg,https://commons.wikimedia.org/wiki/File:Pantano_del_Atance.jpg,"Abastecimiento,Ganadero,Defensa frente avenidas",Guadalajara,"41.075332577,-2.78506228099997"
39.340702734,-0.86476747599994,FORATA,JUCAR,RÍO MAGRO,https://www.google.com/search?kgmid=/g/1238s588,,https://www.wikidata.org/wiki/Q8775337,Embalse de Forata.jpg,https://commons.wikimedia.org/wiki/File:Embalse_de_Forata.jpg,Abastecimiento,"València,Valencia","39.340702734,-0.86476747599994"
40.944954572,-3.77411887299996,"PINILLA, LA",TAJO,RÍO LOZOYA,https://www.google.com/search?kgmid=/g/12333j1q,,https://www.wikidata.org/wiki/Q8775372,Embalse de Pinilla y Peñalara.JPG,https://commons.wikimedia.org/wiki/File:Embalse_de_Pinilla_y_Peñalara.JPG,"Abastecimiento,Defensa frente avenidas",Madrid,"40.944954572,-3.77411887299996"
43.4770926850001,-6.73016840999998,ARBON,CANTABRICO OCCIDENTAL,RÍO NAVIA,,,,,,Abastecimiento,Asturias,"43.4770926850001,-6.73016840999998"
42.1958472700001,-7.24682463199997,CENZA,MIÑO-SIL,RÍO CONSELO OU DA CENZA,,,,,,Abastecimiento,Ourense,"42.1958472700001,-7.24682463199997"
38.2579828190001,-5.22281439599993,SIERRA BOYERA,GUADALQUIVIR,RÍO  GUADIATO,,,https://www.wikidata.org/wiki/Q5369459,Embalse de Sierra Boyera.jpg,https://commons.wikimedia.org/wiki/File:Embalse_de_Sierra_Boyera.jpg,Abastecimiento,Córdoba,"38.2579828190001,-5.22281439599993"
38.2608073970001,-5.22164337099997,SIERRA BOYERA,GUADALQUIVIR,RÍO  GUADIATO,,,https://www.wikidata.org/wiki/Q5369459,Embalse de Sierra Boyera.jpg,https://commons.wikimedia.org/wiki/File:Embalse_de_Sierra_Boyera.jpg,Abastecimiento,Córdoba,"38.2608073970001,-5.22164337099997"
40.281682582,-5.89538451999994,BAÑOS DE MONTEMAYOR,TAJO,RÍO BAÑOS,,,https://www.wikidata.org/wiki/Q24174597,"Presa del embalse de Baños (15 de agosto de 2014, Baños de Montemayor).jpg","https://commons.wikimedia.org/wiki/File:Presa_del_embalse_de_Baños_(15_de_agosto_de_2014,_Baños_de_Montemayor).jpg",Abastecimiento,Cáceres,"40.281682582,-5.89538451999994"
37.3996522370001,-3.72326104199993,COLOMERA,GUADALQUIVIR,RÍO  COLOMERA,,,https://www.wikidata.org/wiki/Q12164809,,,"Abastecimiento,Ganadero,Defensa frente avenidas",Granada,"37.3996522370001,-3.72326104199993"
39.1285987630001,-3.93764624399995,GASSET,GUADIANA,RIO DE LA BECEA,,,,,,"Abastecimiento,Defensa frente avenidas",Ciudad Real,"39.1285987630001,-3.93764624399995"
38.692281984,-3.27666098199995,MARISANCHEZ,GUADIANA,RIO JABALON,,,,,,Abastecimiento,Ciudad Real,"38.692281984,-3.27666098199995"
40.5387773260001,-3.78893109799998,"PARDO, EL",TAJO,RÍO MANZANARES,https://www.google.com/search?kgmid=/g/121rjkdh,,https://www.wikidata.org/wiki/Q5830456,Monte de el Pardo (3267248078).jpg,https://commons.wikimedia.org/wiki/File:Monte_de_el_Pardo_(3267248078).jpg,"Defensa frente avenidas,Riego,Regulación",Madrid,"40.5387773260001,-3.78893109799998"
37.667643459,-6.50982948899997,JARRAMA,"TINTO, ODIEL Y PIEDRAS",RIVERA DEL JARRAMA,,,,,,"Abastecimiento,Defensa frente avenidas",Huelva,"37.667643459,-6.50982948899997"
42.18258301,-0.361405771999955,MONTEARAGON,EBRO,RÍO FLUMEN,https://www.google.com/search?kgmid=/g/11hfgklglc,,https://www.wikidata.org/wiki/Q91314392,,,"Abastecimiento,Defensa frente avenidas",Huesca,"42.18258301,-0.361405771999955"
43.21230153,-1.87524544699994,AÑARBE,CANTABRICO ORIENTAL,AÑARBE IBAIA O ENOBIETAKU ERREKA,,,,,,Abastecimiento,"Gipuzkoa,Guipúzcoa","43.21230153,-1.87524544699994"
43.2126734980001,-1.87827944599996,AÑARBE,CANTABRICO ORIENTAL,AÑARBE IBAIA O ENOBIETAKU ERREKA,,,,,,Abastecimiento,"Gipuzkoa,Guipúzcoa","43.2126734980001,-1.87827944599996"
39.833565075,-4.29494820899993,CASTREJON,TAJO,RÍO TAJO,,https://www.openstreetmap.org/relation/5824854,https://www.wikidata.org/wiki/Q19428713,Barrancas de Burujón (37671241366).jpg,https://commons.wikimedia.org/wiki/File:Barrancas_de_Burujón_(37671241366).jpg,"Abastecimiento,Defensa frente avenidas",Toledo,"39.833565075,-4.29494820899993"
42.0789372090001,-1.06992073099997,LAVERNE,EBRO,BARRANCO DE LA PARADA,,,,,,"Abastecimiento,Defensa frente avenidas",Zaragoza,"42.0789372090001,-1.06992073099997"
42.088537789,-1.09092152399995,LAVERNE,EBRO,VERTIENTE POR LA MARGEN DERECHA DEL BARRANCO DE LA CALCINA,,,,,,"Abastecimiento,Defensa frente avenidas",Zaragoza,"42.088537789,-1.09092152399995"
39.267439745,-5.49598021299994,RUECAS,GUADIANA,RIO RUECAS,,,,,,"Abastecimiento,Hidroeléctrico,Ganadero,Defensa frente avenidas",Cáceres,"39.267439745,-5.49598021299994"
42.1557461190001,-8.19287681099996,FRIEIRA,MIÑO-SIL,RÍO MIÑO,,,,,,"Abastecimiento,Defensa frente avenidas",Ourense,"42.1557461190001,-8.19287681099996"
36.299322019,-5.77443215499994,CELEMIN,GUADALETE Y BARBATE,,,,https://www.wikidata.org/wiki/Q5369436,ElCelemin.JPG,https://commons.wikimedia.org/wiki/File:ElCelemin.JPG,Abastecimiento,Cádiz,"36.299322019,-5.77443215499994"
36.299694549,-5.77701724999997,CELEMIN,GUADALETE Y BARBATE,RÍO CELEMÍN,,,https://www.wikidata.org/wiki/Q5369436,ElCelemin.JPG,https://commons.wikimedia.org/wiki/File:ElCelemin.JPG,Abastecimiento,Cádiz,"36.299694549,-5.77701724999997"
37.887515039,-1.38566705299996,"ALGECIRAS, RAMBLA DE",SEGURA,RAMBLA DE ALGECIRAS,,,,,,"Abastecimiento,Defensa frente avenidas",Murcia,"37.887515039,-1.38566705299996"
42.1443419570001,-6.94769548399995,SAN SEBASTIAN,MIÑO-SIL,RÍO BIBEI,,,,,,Abastecimiento,Ourense,"42.1443419570001,-6.94769548399995"
40.1331552600001,-6.64763777499996,RIVERA DE GATA,TAJO,RIVERA DE GATA,,,,,,"Abastecimiento,Defensa frente avenidas",Cáceres,"40.1331552600001,-6.64763777499996"
40.133555319,-6.64914969899996,RIVERA DE GATA,TAJO,RIVERA DE GATA,,,,,,"Abastecimiento,Defensa frente avenidas",Cáceres,"40.133555319,-6.64914969899996"
40.13470955,-6.65231398199995,RIVERA DE GATA,TAJO,VERTIENTE POR LA MARGEN IZQUIERDA DEL ARROYO DE PERALEJOS,,,,,,"Abastecimiento,Defensa frente avenidas",Cáceres,"40.13470955,-6.65231398199995"
40.1363966490001,-6.63871159399997,RIVERA DE GATA,TAJO,RIVERA DE GATA,,,,,,"Abastecimiento,Defensa frente avenidas",Cáceres,"40.1363966490001,-6.63871159399997"
40.136254439,-6.63615789899995,RIVERA DE GATA,TAJO,RIVERA DE GATA,,,,,,"Abastecimiento,Defensa frente avenidas",Cáceres,"40.136254439,-6.63615789899995"
40.1343097810001,-6.62565077899995,RIVERA DE GATA,TAJO,RIVERA DE GATA,,,,,,"Abastecimiento,Defensa frente avenidas",Cáceres,"40.1343097810001,-6.62565077899995"
40.134844602,-6.63285012399996,RIVERA DE GATA,TAJO,RIVERA DE GATA,,,,,,"Abastecimiento,Defensa frente avenidas",Cáceres,"40.134844602,-6.63285012399996"
40.772565747,-0.31769404299996,SANTOLEA,EBRO,RÍO GUADALOPE,,,https://www.wikidata.org/wiki/Q23992526,Santolea -Maestrazgo (43259517322).jpg,https://commons.wikimedia.org/wiki/File:Santolea_-Maestrazgo_(43259517322).jpg,"Abastecimiento,Ganadero,Defensa frente avenidas",Teruel,"40.772565747,-0.31769404299996"
40.0100628180001,-0.231145701999935,SICHAR,JUCAR,RIU MIJARES,,,,,,"Abastecimiento,Defensa frente avenidas","Castelló,Castellón","40.0100628180001,-0.231145701999935"
40.9846013600001,-3.64825393599995,RIOSEQUILLO,TAJO,RÍO LOZOYA,https://www.google.com/search?kgmid=/g/12221s57,,https://www.wikidata.org/wiki/Q2834413,Unnamed2 - panoramio (4363).jpg,https://commons.wikimedia.org/wiki/File:Unnamed2_-_panoramio_(4363).jpg,"Abastecimiento,Defensa frente avenidas",Madrid,"40.9846013600001,-3.64825393599995"
39.0603072490001,-3.00679625799995,PEÑARROYA,GUADIANA,RIO GUADIANA,https://www.google.com/search?kgmid=/g/11fv3ymg__,,https://www.wikidata.org/wiki/Q97172835,,,"Abastecimiento,Defensa frente avenidas",Ciudad Real,"39.0603072490001,-3.00679625799995"
40.9338651420001,-3.19600748099998,BELEÑA,TAJO,RÍO SORBE,,,,,,Abastecimiento,Guadalajara,"40.9338651420001,-3.19600748099998"
40.9931510110001,-3.57146299099998,PUENTES VIEJAS,TAJO,RÍO LOZOYA,https://www.google.com/search?kgmid=/g/1217c8ps,,https://www.wikidata.org/wiki/Q8775374,La torre de toma del embalse Puentes Viejas (Madrid).jpg,https://commons.wikimedia.org/wiki/File:La_torre_de_toma_del_embalse_Puentes_Viejas_(Madrid).jpg,Abastecimiento,Madrid,"40.9931510110001,-3.57146299099998"
40.099036471,-6.25053019799998,VALDEOBISPO,TAJO,RÍO ALAGÓN,,,,,,"Abastecimiento,Defensa frente avenidas",Cáceres,"40.099036471,-6.25053019799998"
37.7622489710001,-2.90313354799997,"BOLERA, LA",GUADALQUIVIR,RÍO  GUADALENTÍN,,,,,,"Abastecimiento,Defensa frente avenidas",Jaén,"37.7622489710001,-2.90313354799997"
36.9152042690001,-3.54016190699997,BEZNAR,CUENCAS MEDITERRANEAS ANDALUZAS,RÍO ÍZBOR,,,https://www.wikidata.org/wiki/Q3374703,Alm04EmbdeBèznar1.jpg,https://commons.wikimedia.org/wiki/File:Alm04EmbdeBèznar1.jpg,"Abastecimiento,Ganadero,Defensa frente avenidas",Granada,"36.9152042690001,-3.54016190699997"
40.9154746140001,-0.211212751999938,CALANDA,EBRO,RÍO GUADALOPE,,,,,,"Abastecimiento,Ganadero,Defensa frente avenidas",Teruel,"40.9154746140001,-0.211212751999938"
41.527351971,-3.55592977299995,LINARES DEL ARROYO,DUERO,RÍO RIAZA,,,,,,"Abastecimiento,Defensa frente avenidas",Segovia,"41.527351971,-3.55592977299995"
41.0034892630001,-3.30090199199998,"VADO, EL",TAJO,RÍO JARAMA,https://www.google.com/search?kgmid=/g/121y9t2q,,https://www.wikidata.org/wiki/Q8775322,TorreTomaVado.jpg,https://commons.wikimedia.org/wiki/File:TorreTomaVado.jpg,Abastecimiento,Guadalajara,"41.0034892630001,-3.30090199199998"
41.002339229,-3.29625935399997,"VADO, EL",TAJO,RÍO JARAMA,https://www.google.com/search?kgmid=/g/121y9t2q,,https://www.wikidata.org/wiki/Q8775322,TorreTomaVado.jpg,https://commons.wikimedia.org/wiki/File:TorreTomaVado.jpg,Abastecimiento,Guadalajara,"41.002339229,-3.29625935399997"
37.664790501,-6.18562063899998,"MINILLA, LA",GUADALQUIVIR,RIVERA DE HUELVA,,,,,,"Abastecimiento,Defensa frente avenidas",Sevilla,"37.664790501,-6.18562063899998"
37.3127246610001,-3.25361574599998,FRANCISCO ABELLAN,GUADALQUIVIR,RÍO  FARDES,,,https://www.wikidata.org/wiki/Q5369442,TOMA DE AGUA PANTANO FRANCISCO ABELLAN - panoramio.jpg,https://commons.wikimedia.org/wiki/File:TOMA_DE_AGUA_PANTANO_FRANCISCO_ABELLAN_-_panoramio.jpg,Abastecimiento,Granada,"37.3127246610001,-3.25361574599998"
37.4610614040001,-6.98278512099995,"SANCHO, EL","TINTO, ODIEL Y PIEDRAS",RIVERA DE MECA,,,,,,"Abastecimiento,Defensa frente avenidas",Huelva,"37.4610614040001,-6.98278512099995"
40.060599917,-6.04259896399998,JERTE,TAJO,RÍO JERTE,,,,,,"Abastecimiento,Defensa frente avenidas",Cáceres,"40.060599917,-6.04259896399998"
40.7245279160001,-4.69718935299994,CASTRO DE LAS COGOTAS,DUERO,RÍO ADAJA,,,,,,"Abastecimiento,Hidroeléctrico,Ganadero,Defensa frente avenidas",Ávila,"40.7245279160001,-4.69718935299994"
37.7222268940001,-6.08896625199998,CALA,GUADALQUIVIR,RIVERA DE CALA,,,,,,"Abastecimiento,Ganadero,Hidroeléctrico",Sevilla,"37.7222268940001,-6.08896625199998"
37.366812629,-7.26645658799993,PIEDRAS,"TINTO, ODIEL Y PIEDRAS",RÍO PIEDRAS,,,,,,"Abastecimiento,Defensa frente avenidas",Huelva,"37.366812629,-7.26645658799993"
42.2925003490001,-8.11641027099995,CASTRELO DE MIÑO,MIÑO-SIL,RÍO MIÑO,,,,,,"Abastecimiento,Defensa frente avenidas",Ourense,"42.2925003490001,-8.11641027099995"
42.33781463,2.82696870100006,DARNIUS BOADELLA,CUENCAS INTERNAS DE CATALUÑA,EL CÒRREC,,,https://www.wikidata.org/wiki/Q7131952,Pantà de Boadella.JPG,https://commons.wikimedia.org/wiki/File:Pantà_de_Boadella.JPG,"Abastecimiento,Ganadero,Defensa frente avenidas",Girona,"42.33781463,2.82696870100006"
42.342383017,2.83461652500006,DARNIUS BOADELLA,CUENCAS INTERNAS DE CATALUÑA,LA MUGA,,,https://www.wikidata.org/wiki/Q7131952,Pantà de Boadella.JPG,https://commons.wikimedia.org/wiki/File:Pantà_de_Boadella.JPG,"Abastecimiento,Ganadero,Defensa frente avenidas",Girona,"42.342383017,2.83461652500006"
42.26297501,-7.38654057899993,CHANDREJA,MIÑO-SIL,RÍO NAVEA,,,https://www.wikidata.org/wiki/Q101897658,"Encoro de Chandrexa de Queixa, Ourense (19409703306).jpg","https://commons.wikimedia.org/wiki/File:Encoro_de_Chandrexa_de_Queixa,_Ourense_(19409703306).jpg",Hidroeléctrico,Ourense,"42.26297501,-7.38654057899993"
37.8413896820001,-5.34934339699993,RETORTILLO,GUADALQUIVIR,RÍO  RETORTILLO,,,https://www.wikidata.org/wiki/Q5369454,,,"Abastecimiento,Defensa frente avenidas",Sevilla,"37.8413896820001,-5.34934339699993"
36.535398366,-4.96075456799997,"CONCEPCION, LA",CUENCAS MEDITERRANEAS ANDALUZAS,RÍO VERDE,,,,,,Abastecimiento,Málaga,"36.535398366,-4.96075456799997"
42.68098159,-0.315761256999963,BUBAL,EBRO,RÍO GÁLLEGO,https://www.google.com/search?kgmid=/g/11bc5qdzzb,,https://www.wikidata.org/wiki/Q3377802,Embalse de Bubal (Uesca).jpg,https://commons.wikimedia.org/wiki/File:Embalse_de_Bubal_(Uesca).jpg,"Abastecimiento,Ganadero,Defensa frente avenidas",Huesca,"42.68098159,-0.315761256999963"
37.042369367,-5.75897830099996,TORRE DEL AGUILA,GUADALQUIVIR,ARROYO  SALADO DE MORÓN,,,,,,Abastecimiento,Sevilla,"37.042369367,-5.75897830099996"
42.8344463670001,-6.45355737699998,MATALAVILLA,MIÑO-SIL,ARROYO DE VALSECO,,,,,,Abastecimiento,León,"42.8344463670001,-6.45355737699998"
42.70627432,-1.94249903099995,ALLOZ,EBRO,RÍO SALADO,,,,,,"Abastecimiento,Defensa frente avenidas",Navarra,"42.70627432,-1.94249903099995"
41.4911858350001,-6.08484394399994,VILLALCAMPO,DUERO,RÍO DUERO,,,https://www.wikidata.org/wiki/Q110295767,,,Abastecimiento,Zamora,"41.4911858350001,-6.08484394399994"
42.9062072310001,-4.52945603999996,REQUEJADA,DUERO,RÍO PISUERGA,https://www.google.com/search?kgmid=/g/122vx4f3,,https://www.wikidata.org/wiki/Q8775378,Vañes.jpg,https://commons.wikimedia.org/wiki/File:Vañes.jpg,"Abastecimiento,Minería,Industrial,Hidroeléctrico,Ganadero,Defensa frente avenidas",Palencia,"42.9062072310001,-4.52945603999996"
42.158172941,-2.91170796899996,MANSILLA,EBRO,RIO NAJERILLA,https://www.google.com/search?kgmid=/g/120qkkhs,,https://www.wikidata.org/wiki/Q8775359,Embalse de Mansilla.JPG,https://commons.wikimedia.org/wiki/File:Embalse_de_Mansilla.JPG,"Abastecimiento,Ganadero,Defensa frente avenidas",La Rioja,"42.158172941,-2.91170796899996"
40.839152359,-2.61773660099993,"TAJERA, LA",TAJO,RÍO TAJUÑA,https://www.google.com/search?kgmid=/g/120j8g1j,https://www.openstreetmap.org/relation/8530695,https://www.wikidata.org/wiki/Q5830511,Embalse de la Tajera.jpg,https://commons.wikimedia.org/wiki/File:Embalse_de_la_Tajera.jpg,"Abastecimiento,Ganadero,Defensa frente avenidas",Guadalajara,"40.839152359,-2.61773660099993"
38.939709044,-0.477464632999954,BELLUS,JUCAR,RÍO ALBAIDA,https://www.google.com/search?kgmid=/g/121rjw4w,,https://www.wikidata.org/wiki/Q5670515,Presa Bellus Vista Antic Balneari.JPG,https://commons.wikimedia.org/wiki/File:Presa_Bellus_Vista_Antic_Balneari.JPG,"Abastecimiento,Defensa frente avenidas","València,Valencia","38.939709044,-0.477464632999954"
42.8991049300001,-4.73748905099995,CAMPORREDONDO,DUERO,RÍO CARRIÓN,,,,,,"Abastecimiento,Hidroeléctrico,Ganadero,Defensa frente avenidas",Palencia,"42.8991049300001,-4.73748905099995"
37.1604689060001,-3.48047606499995,CANALES,GUADALQUIVIR,RÍO  GENIL,,,https://www.wikidata.org/wiki/Q1032728,Embalse de canales Guejar Sierra.JPG,https://commons.wikimedia.org/wiki/File:Embalse_de_canales_Guejar_Sierra.JPG,"Abastecimiento,Ganadero,Defensa frente avenidas",Granada,"37.1604689060001,-3.48047606499995"
41.944252453,-8.03492920899993,"CONCHAS, LAS",MIÑO-SIL,RÍO LIMIA,,,,,,Abastecimiento,Ourense,"41.944252453,-8.03492920899993"
42.957875626,-2.65412456499996,URRUNAGA,EBRO,SANTA ENGRACIA ITSASADAR,https://www.google.com/search?kgmid=/g/11cn8xwy6q,https://www.openstreetmap.org/relation/27568787,https://www.wikidata.org/wiki/Q20894837,Embalses desde Gebara.JPG,https://commons.wikimedia.org/wiki/File:Embalses_desde_Gebara.JPG,"Abastecimiento,Defensa frente avenidas","Araba,Álava","42.957875626,-2.65412456499996"
42.963849521,-2.63778333499994,URRUNAGA,EBRO,,https://www.google.com/search?kgmid=/g/11cn8xwy6q,https://www.openstreetmap.org/relation/27568787,https://www.wikidata.org/wiki/Q20894837,Embalses desde Gebara.JPG,https://commons.wikimedia.org/wiki/File:Embalses_desde_Gebara.JPG,"Abastecimiento,Defensa frente avenidas","Araba,Álava","42.963849521,-2.63778333499994"
36.2322004530001,-5.54416164299994,CHARCO REDONDO,CUENCAS MEDITERRANEAS ANDALUZAS,RÍO DE LAS CAÑAS O PALMONES,,,https://www.wikidata.org/wiki/Q5830606,CharcoRedondo-LosAlcornocales 25052012173.jpg,https://commons.wikimedia.org/wiki/File:CharcoRedondo-LosAlcornocales_25052012173.jpg,"Abastecimiento,Ganadero,Defensa frente avenidas",Cádiz,"36.2322004530001,-5.54416164299994"
39.6655252350001,-0.91324766799994,LORIGUILLA,JUCAR,RIO TURIA O GUADALAVIAR,https://www.google.com/search?kgmid=/g/120jr2sj,,https://www.wikidata.org/wiki/Q8775356,Embalse de Loriguilla.jpg,https://commons.wikimedia.org/wiki/File:Embalse_de_Loriguilla.jpg,"Abastecimiento,Hidroeléctrico,Ganadero,Defensa frente avenidas","València,Valencia","39.6655252350001,-0.91324766799994"
37.1297715490001,-5.24330867699996,PUEBLA DE CAZALLA,GUADALQUIVIR,RÍO  CORBONES,,,,,,"Abastecimiento,Defensa frente avenidas",Sevilla,"37.1297715490001,-5.24330867699996"
42.304453472,-3.36854357999994,UZQUIZA,DUERO,RÍO ARLANZÓN,,,,,,"Abastecimiento,Defensa frente avenidas",Burgos,"42.304453472,-3.36854357999994"
42.099721345,1.58281131400003,"LLOSA DEL CAVALL, LA",CUENCAS INTERNAS DE CATALUÑA,RIU CARDENER,,,,,,"Abastecimiento,Defensa frente avenidas",Lleida,"42.099721345,1.58281131400003"
41.1358789010001,0.000636272000065,CASPE II,EBRO,RÍO GUADALOPE,,,,,,"Abastecimiento,Ganadero,Defensa frente avenidas",Zaragoza,"41.1358789010001,0.000636272000065"
40.110346936,-5.32378188799993,ROSARITO,TAJO,RÍO TIÉTAR,https://www.google.com/search?kgmid=/g/1hl3g_mwq,,https://www.wikidata.org/wiki/Q10929672,Embalse del Rosarito.jpg,https://commons.wikimedia.org/wiki/File:Embalse_del_Rosarito.jpg,"Abastecimiento,Defensa frente avenidas",Ávila,"40.110346936,-5.32378188799993"
40.083403864,-5.30254088699996,ROSARITO,TAJO,ARROYO DEL MOJÓN,https://www.google.com/search?kgmid=/g/1hl3g_mwq,,https://www.wikidata.org/wiki/Q10929672,Embalse del Rosarito.jpg,https://commons.wikimedia.org/wiki/File:Embalse_del_Rosarito.jpg,"Abastecimiento,Defensa frente avenidas",Toledo,"40.083403864,-5.30254088699996"
39.7779346240001,-5.08911715899995,AZUTAN,TAJO,RÍO TAJO,,,https://www.wikidata.org/wiki/Q81418400,Embalse de Azután.jpg,https://commons.wikimedia.org/wiki/File:Embalse_de_Azután.jpg,"Abastecimiento,Defensa frente avenidas",Toledo,"39.7779346240001,-5.08911715899995"
36.9333016160001,-4.80374890499996,CONDE DE GUADALHORCE,CUENCAS MEDITERRANEAS ANDALUZAS,RÍO TURÓN,,,,,,Abastecimiento,Málaga,"36.9333016160001,-4.80374890499996"
41.262569371,-1.79716175699997,"TRANQUERA, LA",EBRO,RIO PIEDRA,https://www.google.com/search?kgmid=/g/122v8m7x,,https://www.wikidata.org/wiki/Q5830513,"Embalse de la Tranquera, Zaragoza, España, 2015-01-09, DD 44.JPG","https://commons.wikimedia.org/wiki/File:Embalse_de_la_Tranquera,_Zaragoza,_España,_2015-01-09,_DD_44.JPG","Abastecimiento,Defensa frente avenidas",Zaragoza,"41.262569371,-1.79716175699997"
42.092702178,1.29406967700004,OLIANA,EBRO,RIU SEGRE,https://www.google.com/search?kgmid=/g/1215jgc5,,https://www.wikidata.org/wiki/Q18005390,Pantàoliana.JPG,https://commons.wikimedia.org/wiki/File:Pantàoliana.JPG,"Abastecimiento,Hidroeléctrico,Ganadero,Defensa frente avenidas",Lleida,"42.092702178,1.29406967700004"
42.124230776,0.311147826000024,BARASONA,EBRO,RÍO ÉSERA,https://www.google.com/search?kgmid=/g/11cn63j7jr,,https://www.wikidata.org/wiki/Q24003136,Espejo de Barasona.jpg,https://commons.wikimedia.org/wiki/File:Espejo_de_Barasona.jpg,"Abastecimiento,Ganadero,Defensa frente avenidas",Huesca,"42.124230776,0.311147826000024"
41.9246563240001,-7.94313212699996,SALAS,MIÑO-SIL,RÍO SALAS,,,,,,Abastecimiento,Ourense,"41.9246563240001,-7.94313212699996"
36.3087665890001,-5.46145982799993,GUADARRANQUE,CUENCAS MEDITERRANEAS ANDALUZAS,RÍO GUADARRANQUE,,,https://www.wikidata.org/wiki/Q5369445,Presa de Guadarranque CastilloCastellar-P1300900.jpg,https://commons.wikimedia.org/wiki/File:Presa_de_Guadarranque_CastilloCastellar-P1300900.jpg,"Abastecimiento,Ganadero,Defensa frente avenidas",Cádiz,"36.3087665890001,-5.46145982799993"
40.1253008750001,-6.57693620899994,BORBOLLON,TAJO,RÍO ARRAGO,,,,,,"Abastecimiento,Ganadero,Defensa frente avenidas",Cáceres,"40.1253008750001,-6.57693620899994"
40.132771828,-6.58570755499994,BORBOLLON,TAJO,ARROYO DEL CAMPANILLO,,,,,,"Abastecimiento,Ganadero,Defensa frente avenidas",Cáceres,"40.132771828,-6.58570755499994"
42.3997502070001,-8.19041297799993,ALBARELLOS,MIÑO-SIL,RÍO AVIA,,,,,,"Abastecimiento,Defensa frente avenidas",Ourense,"42.3997502070001,-8.19041297799993"
40.7068520460001,-3.81876584399993,MANZANARES EL REAL,TAJO,RÍO MANZANARES,,,,,,"Abastecimiento,Defensa frente avenidas",Madrid,"40.7068520460001,-3.81876584399993"
42.860854868,-4.82693537899996,COMPUERTO,DUERO,RÍO CARRIÓN,https://www.google.com/search?kgmid=/g/122z2cqz,,https://www.wikidata.org/wiki/Q8775311,Pantano de Compuerto 001.jpg,https://commons.wikimedia.org/wiki/File:Pantano_de_Compuerto_001.jpg,"Abastecimiento,Minería,Industrial,Hidroeléctrico,Ganadero,Defensa frente avenidas",Palencia,"42.860854868,-4.82693537899996"
39.1285075870001,-0.698314119999964,ESCALONA,JUCAR,RÍO CAZUNTA,https://www.google.com/search?kgmid=/g/121zv9ty,,https://www.wikidata.org/wiki/Q8775334,,,Abastecimiento,"València,Valencia","39.1285075870001,-0.698314119999964"
36.996064807,-3.89363361899996,"BERMEJALES, LOS",GUADALQUIVIR,RÍO  CACÍN,,,https://www.wikidata.org/wiki/Q579709,Aliviadero del Embalse de los Bermejales.jpg,https://commons.wikimedia.org/wiki/File:Aliviadero_del_Embalse_de_los_Bermejales.jpg,"Abastecimiento,Ganadero,Defensa frente avenidas",Granada,"36.996064807,-3.89363361899996"
42.121967372,1.87834263000002,"BAELLS, LA",CUENCAS INTERNAS DE CATALUÑA,EL LLOBREGAT,,,,,,"Abastecimiento,Hidroeléctrico,Ganadero,Defensa frente avenidas",Barcelona,"42.121967372,1.87834263000002"
40.4443173830001,-6.57938884699996,IRUEÑA,DUERO,RÍO ÁGUEDA,https://www.google.com/search?kgmid=/g/123608pg,,https://www.wikidata.org/wiki/Q8775343,,,"Abastecimiento,Hidroeléctrico,Ganadero,Defensa frente avenidas",Salamanca,"40.4443173830001,-6.57938884699996"
37.747910849,-5.48482468099996,JOSE TORAN,GUADALQUIVIR,ARROYO DE GUADALBACAR,,,,,,"Abastecimiento,Defensa frente avenidas",Sevilla,"37.747910849,-5.48482468099996"
36.860509918,-3.49543042599993,RULES,CUENCAS MEDITERRANEAS ANDALUZAS,RÍO GUADALFEO O RÍO CÁDIAR,https://www.google.com/search?kgmid=/g/121vx8sj,,https://www.wikidata.org/wiki/Q5369455,Presa de Rules - 51576012393.jpg,https://commons.wikimedia.org/wiki/File:Presa_de_Rules_-_51576012393.jpg,"Abastecimiento,Ganadero,Defensa frente avenidas",Granada,"36.860509918,-3.49543042599993"
41.211678448,-6.68578589399993,ALDEADAVILA,DUERO,RÍO DUERO,,,https://www.wikidata.org/wiki/Q43551868,Presa de Aldeadávila.jpg,https://commons.wikimedia.org/wiki/File:Presa_de_Aldeadávila.jpg,Abastecimiento,Salamanca,"41.211678448,-6.68578589399993"
39.261640399,-0.918337680999969,CORTES II,JUCAR,RÍO JÚCAR,https://www.google.com/search?kgmid=/g/122vx4f2,,https://www.wikidata.org/wiki/Q11681442,,,Abastecimiento,"València,Valencia","39.261640399,-0.918337680999969"
43.385947786,-6.82525303699992,DOIRAS,CANTABRICO OCCIDENTAL,RÍO NAVIA,,,,,,Abastecimiento,Asturias,"43.385947786,-6.82525303699992"
37.8575319010001,-2.64936869299993,SAN CLEMENTE,GUADALQUIVIR,RÍO  GUARDAL,,,https://www.wikidata.org/wiki/Q3374037,Embalse de San Clemente02.jpg,https://commons.wikimedia.org/wiki/File:Embalse_de_San_Clemente02.jpg,Abastecimiento,Granada,"37.8575319010001,-2.64936869299993"
42.310674749,-7.04066238099995,PRADA,MIÑO-SIL,RÍO XARES,,,,,,Abastecimiento,Ourense,"42.310674749,-7.04066238099995"
43.4071984460001,-8.01105708299997,EUME,GALICIA-COSTA,RÍO EUME,,,,,,Abastecimiento,A Coruña,"43.4071984460001,-8.01105708299997"
40.535345943,-4.04728874499995,VALMAYOR,TAJO,ARROYO DEL BATÁN O RÍO AULENCIA,https://www.google.com/search?kgmid=/g/120kt8jd,,https://www.wikidata.org/wiki/Q8775397,Embalse de Valmayor 2.jpg,https://commons.wikimedia.org/wiki/File:Embalse_de_Valmayor_2.jpg,Abastecimiento,Madrid,"40.535345943,-4.04728874499995"
36.9414313670001,-4.79782087299998,GUADALHORCE,CUENCAS MEDITERRANEAS ANDALUZAS,RÍO GUADALHORCE,https://www.google.com/search?kgmid=/g/12215pz1,,https://www.wikidata.org/wiki/Q5830621,Embalses Guadalhorce-Guadalteba 01.jpg,https://commons.wikimedia.org/wiki/File:Embalses_Guadalhorce-Guadalteba_01.jpg,"Abastecimiento,Ganadero,Defensa frente avenidas",Málaga,"36.9414313670001,-4.79782087299998"
38.1606132000001,-3.80533125699998,RUMBLAR,GUADALQUIVIR,RÍO  RUMBLAR,https://www.google.com/search?kgmid=/g/11c5wlgnfs,https://www.openstreetmap.org/relation/1926892,https://www.wikidata.org/wiki/Q23979919,Rumblar reservoir 1.jpg,https://commons.wikimedia.org/wiki/File:Rumblar_reservoir_1.jpg,"Abastecimiento,Defensa frente avenidas",Jaén,"38.1606132000001,-3.80533125699998"
37.9078896870001,-6.45184509099994,ARACENA,GUADALQUIVIR,RIVERA DE HUELVA,,,,,,Abastecimiento,Huelva,"37.9078896870001,-6.45184509099994"
39.1519574230001,-6.86669007999996,VILLAR DEL REY,GUADIANA,RIO ZAPATON,,,,,,"Abastecimiento,Ganadero,Defensa frente avenidas",Badajoz,"39.1519574230001,-6.86669007999996"
39.649443492,-3.65015487999995,FINISTERRE,TAJO,RÍO ALGODOR,,,,,,"Abastecimiento,Defensa frente avenidas",Toledo,"39.649443492,-3.65015487999995"
37.769635302,-5.68521394399994,HUESNA,GUADALQUIVIR,RIVERA DE HUESNA,,,,,,"Abastecimiento,Ganadero,Defensa frente avenidas",Sevilla,"37.769635302,-5.68521394399994"
36.6613705560001,-5.56192533699993,"HURONES, LOS",GUADALETE Y BARBATE,RÍO MAJACEITE,,,https://www.wikidata.org/wiki/Q3374719,LosHuronesJerez-P1070336.JPG,https://commons.wikimedia.org/wiki/File:LosHuronesJerez-P1070336.JPG,"Abastecimiento,Ganadero,Defensa frente avenidas",Cádiz,"36.6613705560001,-5.56192533699993"
40.086011408,-0.548482762999924,ARENOS,JUCAR,RIU MIJARES,,,https://www.wikidata.org/wiki/Q3376336,EmbArenoso PArenoso.jpg,https://commons.wikimedia.org/wiki/File:EmbArenoso_PArenoso.jpg,"Abastecimiento,Defensa frente avenidas","Castelló,Castellón","40.086011408,-0.548482762999924"
40.093351801,-0.54459490399995,ARENOS,JUCAR,BARRANC DE JAU,,,https://www.wikidata.org/wiki/Q3376336,EmbArenoso PArenoso.jpg,https://commons.wikimedia.org/wiki/File:EmbArenoso_PArenoso.jpg,"Abastecimiento,Defensa frente avenidas","Castelló,Castellón","40.093351801,-0.54459490399995"
40.373071902,-4.31198048099998,SAN JUAN,TAJO,RÍO ALBERCHE,,,https://www.wikidata.org/wiki/Q5830564,Pantano de San Juan - 51994204112.jpg,https://commons.wikimedia.org/wiki/File:Pantano_de_San_Juan_-_51994204112.jpg,"Abastecimiento,Ganadero,Defensa frente avenidas",Madrid,"40.373071902,-4.31198048099998"
40.3694450950001,-4.31798776699998,SAN JUAN,TAJO,ARROYO DEL MOLINO DE LA PRESA,,,https://www.wikidata.org/wiki/Q5830564,Pantano de San Juan - 51994204112.jpg,https://commons.wikimedia.org/wiki/File:Pantano_de_San_Juan_-_51994204112.jpg,"Abastecimiento,Ganadero,Defensa frente avenidas",Madrid,"40.3694450950001,-4.31798776699998"
38.0420292630001,-4.67345434199996,GUADALMELLATO,GUADALQUIVIR,RÍO  GUADALMELLATO,,,https://www.wikidata.org/wiki/Q5369443,,,"Abastecimiento,Ganadero,Defensa frente avenidas",Córdoba,"38.0420292630001,-4.67345434199996"
42.9292733350001,-2.61677326299997,ULLIVARRI,EBRO,ZADORRA IBAIA,,,,,,"Abastecimiento,Ganadero,Defensa frente avenidas","Araba,Álava","42.9292733350001,-2.61677326299997"
41.967837526,2.41280096100007,SAU,CUENCAS INTERNAS DE CATALUÑA,RIU TER,,,https://www.wikidata.org/wiki/Q1140094,PantaDeSau.jpg,https://commons.wikimedia.org/wiki/File:PantaDeSau.jpg,"Abastecimiento,Hidroeléctrico,Ganadero,Defensa frente avenidas",Barcelona,"41.967837526,2.41280096100007"
42.326356092,0.744016995000038,ESCALES,EBRO,RÍO NOGUERA RIBAGORÇANA,https://www.google.com/search?kgmid=/g/121bwl92,,https://www.wikidata.org/wiki/Q2843621,Embassament d'Escales.jpg,https://commons.wikimedia.org/wiki/File:Embassament_d'Escales.jpg,Hidroeléctrico,Huesca,"42.326356092,0.744016995000038"
36.9401923770001,-4.80047539999993,GUADALTEBA,CUENCAS MEDITERRANEAS ANDALUZAS,RÍO GUADALHORCE,https://www.google.com/search?kgmid=/g/12215pz1,,https://www.wikidata.org/wiki/Q5830621,Embalses Guadalhorce-Guadalteba 01.jpg,https://commons.wikimedia.org/wiki/File:Embalses_Guadalhorce-Guadalteba_01.jpg,"Abastecimiento,Ganadero,Defensa frente avenidas",Málaga,"36.9401923770001,-4.80047539999993"
41.9931549560001,-6.27147818599997,VALPARAISO,DUERO,RÍO TERA,,,,,,Abastecimiento,Zamora,"41.9931549560001,-6.27147818599997"
41.9079463640001,0.88683086900005,CAMARASA,EBRO,LA NOGUERA PALLARESA,,,,,,"Abastecimiento,Defensa frente avenidas",Lleida,"41.9079463640001,0.88683086900005"
37.6389097580001,-4.22658613199997,VADOMOJON,GUADALQUIVIR,RÍO  GUADAJOZ,,,,,,"Abastecimiento,Defensa frente avenidas",Jaén,"37.6389097580001,-4.22658613199997"
38.0210076590001,-4.44123809399997,ARENOSO,GUADALQUIVIR,RÍO  ARENOSO,,,https://www.wikidata.org/wiki/Q3376336,EmbArenoso PArenoso.jpg,https://commons.wikimedia.org/wiki/File:EmbArenoso_PArenoso.jpg,"Abastecimiento,Defensa frente avenidas",Córdoba,"38.0210076590001,-4.44123809399997"
42.9499617270001,-6.23165102999997,VILLASECA,MIÑO-SIL,RÍO SIL,,,,,,Abastecimiento,León,"42.9499617270001,-6.23165102999997"
38.1615276140001,-3.47795410699996,GUADALEN,GUADALQUIVIR,RÍO  GUADALÉN,https://www.google.com/search?kgmid=/g/11x9znn9f,,https://www.wikidata.org/wiki/Q94377393,,,"Abastecimiento,Ganadero,Defensa frente avenidas",Jaén,"38.1615276140001,-3.47795410699996"
37.3275930070001,-1.89673564999993,CUEVAS DE ALMANZORA,CUENCAS MEDITERRANEAS ANDALUZAS,RÍO ALMANZORA,,,,,,"Abastecimiento,Ganadero,Defensa frente avenidas",Almería,"37.3275930070001,-1.89673564999993"
36.8603996900001,-4.16443532799997,"VIÑUELA, LA",CUENCAS MEDITERRANEAS ANDALUZAS,RÍO GUARO,https://www.google.com/search?kgmid=/g/120jr2sh,,https://www.wikidata.org/wiki/Q5830515,Embalse de La Viñuela.jpg,https://commons.wikimedia.org/wiki/File:Embalse_de_La_Viñuela.jpg,"Abastecimiento,Defensa frente avenidas",Málaga,"36.8603996900001,-4.16443532799997"
41.008581625,-3.02478278699994,ALCORLO,TAJO,RÍO BORNOBA,https://www.google.com/search?kgmid=/g/1230_4n6,,https://www.wikidata.org/wiki/Q5830397,Embalse de Alcorlo.JPG,https://commons.wikimedia.org/wiki/File:Embalse_de_Alcorlo.JPG,"Abastecimiento,Defensa frente avenidas",Guadalajara,"41.008581625,-3.02478278699994"
41.047128807,-6.80401964899994,SAUCELLE,DUERO,RÍO DUERO,,,https://www.wikidata.org/wiki/Q43560800,Arribes del Duero - Saucelle.JPG,https://commons.wikimedia.org/wiki/File:Arribes_del_Duero_-_Saucelle.JPG,Abastecimiento,Salamanca,"41.047128807,-6.80401964899994"
42.4651371640001,-7.72374446699996,"PEARES, LOS",MIÑO-SIL,RÍO MIÑO,https://www.google.com/search?kgmid=/g/155svy9k,,https://www.wikidata.org/wiki/Q11986800,Embalse dos Peares Galiza.jpg,https://commons.wikimedia.org/wiki/File:Embalse_dos_Peares_Galiza.jpg,Abastecimiento,Lugo,"42.4651371640001,-7.72374446699996"
39.368362071,-4.25458640099993,TORRE DE ABRAHAM,GUADIANA,RIO BULLAQUE,https://www.google.com/search?kgmid=/g/12tb837zb,,https://www.wikidata.org/wiki/Q16561613,Ciudad Real (provincia) 1987 01.jpg,https://commons.wikimedia.org/wiki/File:Ciudad_Real_(provincia)_1987_01.jpg,"Abastecimiento,Defensa frente avenidas",Ciudad Real,"39.368362071,-4.25458640099993"
42.102575195,-0.676812114999962,"SOTONERA, LA",EBRO,ARROYO ASTON-VACAS,https://www.google.com/search?kgmid=/g/11h5_w0rnw,https://www.openstreetmap.org/relation/5895940,https://www.wikidata.org/wiki/Q12221153,Embalse La Sotonera (1).jpg,https://commons.wikimedia.org/wiki/File:Embalse_La_Sotonera_(1).jpg,"Abastecimiento,Ganadero,Defensa frente avenidas",Huesca,"42.102575195,-0.676812114999962"
42.101811684,-0.689392543999929,"SOTONERA, LA",EBRO,ARROYO ASTON-ALBERCA,https://www.google.com/search?kgmid=/g/11h5_w0rnw,https://www.openstreetmap.org/relation/5895940,https://www.wikidata.org/wiki/Q12221153,Embalse La Sotonera (1).jpg,https://commons.wikimedia.org/wiki/File:Embalse_La_Sotonera_(1).jpg,"Abastecimiento,Ganadero,Defensa frente avenidas",Huesca,"42.101811684,-0.689392543999929"
42.109536227,-0.66526158399995,"SOTONERA, LA",EBRO,RÍO SOTÓN,https://www.google.com/search?kgmid=/g/11h5_w0rnw,https://www.openstreetmap.org/relation/5895940,https://www.wikidata.org/wiki/Q12221153,Embalse La Sotonera (1).jpg,https://commons.wikimedia.org/wiki/File:Embalse_La_Sotonera_(1).jpg,"Abastecimiento,Ganadero,Defensa frente avenidas",Huesca,"42.109536227,-0.66526158399995"
40.424680815,-4.53392339099997,"BURGUILLO, EL",TAJO,RÍO ALBERCHE,,https://www.openstreetmap.org/relation/3836574,https://www.wikidata.org/wiki/Q5830442,EmbalseDeBurguillo (retouched).jpg,https://commons.wikimedia.org/wiki/File:EmbalseDeBurguillo_(retouched).jpg,"Abastecimiento,Ganadero,Defensa frente avenidas",Ávila,"40.424680815,-4.53392339099997"
36.7905754980001,-5.76131138199997,BORNOS,GUADALETE Y BARBATE,RÍO GUADALETE,,,https://www.wikidata.org/wiki/Q5369434,Presa de Bornos - IMG 20191026 131240 791.jpg,https://commons.wikimedia.org/wiki/File:Presa_de_Bornos_-_IMG_20191026_131240_791.jpg,"Abastecimiento,Defensa frente avenidas",Cádiz,"36.7905754980001,-5.76131138199997"
38.3912491360001,-2.20834281199996,FUENSANTA,SEGURA,RIO SEGURA,,,https://www.wikidata.org/wiki/Q104635833,Embalse de la Fuensanta 2013.JPG,https://commons.wikimedia.org/wiki/File:Embalse_de_la_Fuensanta_2013.JPG,"Abastecimiento,Ganadero,Defensa frente avenidas",Albacete,"38.3912491360001,-2.20834281199996"
41.2436146920001,0.432598110000072,RIBARROJA,EBRO,RÍO EBRO,https://www.google.com/search?kgmid=/g/121qmn_d,,https://www.wikidata.org/wiki/Q2050030,Ribaroja.JPG,https://commons.wikimedia.org/wiki/File:Ribaroja.JPG,"Abastecimiento,Defensa frente avenidas,Hidroeléctrico",Tarragona,"41.2436146920001,0.432598110000072"
37.9842195160001,-5.95427318399993,"PINTADO, EL",GUADALQUIVIR,RÍO  VIAR,,,,,,"Abastecimiento,Defensa frente avenidas",Sevilla,"37.9842195160001,-5.95427318399993"
36.855621898,-5.38972319099997,ZAHARA,GUADALETE Y BARBATE,RÍO GUADALETE,,,https://www.wikidata.org/wiki/Q5830591,ZaharaSierra-DSC00731.JPG,https://commons.wikimedia.org/wiki/File:ZaharaSierra-DSC00731.JPG,Abastecimiento,Cádiz,"36.855621898,-5.38972319099997"
42.179589596,0.913197954000054,TALARN,EBRO,LA NOGUERA PALLARESA,,,,,,"Abastecimiento,Defensa frente avenidas",Lleida,"42.179589596,0.913197954000054"
38.067110868,-4.25109803499993,YEGUAS,GUADALQUIVIR,RÍO DE LAS YEGUAS,,,https://www.wikidata.org/wiki/Q5369460,,,"Abastecimiento,Defensa frente avenidas",Córdoba,"38.067110868,-4.25109803499993"
36.37044293,-5.74144173299993,BARBATE,GUADALETE Y BARBATE,RÍO BARBATE,https://www.google.com/search?kgmid=/g/11fx7tz183,,https://www.wikidata.org/wiki/Q5369432,Presa de Barbate (33092598236).jpg,https://commons.wikimedia.org/wiki/File:Presa_de_Barbate_(33092598236).jpg,Abastecimiento,Cádiz,"36.37044293,-5.74144173299993"
36.3594386510001,-5.73595225699995,BARBATE,GUADALETE Y BARBATE,RÍO BARBATE,https://www.google.com/search?kgmid=/g/11fx7tz183,,https://www.wikidata.org/wiki/Q5369432,Presa de Barbate (33092598236).jpg,https://commons.wikimedia.org/wiki/File:Presa_de_Barbate_(33092598236).jpg,Abastecimiento,Cádiz,"36.3594386510001,-5.73595225699995"
36.361376706,-5.73829324399998,BARBATE,GUADALETE Y BARBATE,RÍO BARBATE,https://www.google.com/search?kgmid=/g/11fx7tz183,,https://www.wikidata.org/wiki/Q5369432,Presa de Barbate (33092598236).jpg,https://commons.wikimedia.org/wiki/File:Presa_de_Barbate_(33092598236).jpg,Abastecimiento,Cádiz,"36.361376706,-5.73829324399998"
39.1932626620001,-5.64510043299993,SIERRA BRAVA,GUADIANA,ARROYO PIZARROSO,,,,,,"Abastecimiento,Hidroeléctrico,Ganadero,Defensa frente avenidas",Cáceres,"39.1932626620001,-5.64510043299993"
41.979226356,2.52687350900004,SUSQUEDA,CUENCAS INTERNAS DE CATALUÑA,RIU TER,,,https://www.wikidata.org/wiki/Q7131953,"Presa de Susqueda, la Selva. (20881243450).jpg","https://commons.wikimedia.org/wiki/File:Presa_de_Susqueda,_la_Selva._(20881243450).jpg","Abastecimiento,Hidroeléctrico,Ganadero,Defensa frente avenidas",Girona,"41.979226356,2.52687350900004"
41.8825060980001,0.580849584000021,SANTA ANA,EBRO,RÍO NOGUERA RIBAGORÇANA,,,,,,"Abastecimiento,Ganadero,Defensa frente avenidas",Huesca,"41.8825060980001,0.580849584000021"
38.179645624,-3.57022439999997,"FERNANDINA, LA",GUADALQUIVIR,RÍO  GUARRIZAS,,,,,,Abastecimiento,Jaén,"38.179645624,-3.57022439999997"
38.0319004410001,-0.866921024999954,"PEDRERA, LA",SEGURA,ARROYO GRANDE,,,,,,"Abastecimiento,Ganadero,Defensa frente avenidas","Alacant,Alicante","38.0319004410001,-0.866921024999954"
38.032750505,-0.875543668999967,"PEDRERA, LA",SEGURA,SIN NOMBRE,,,,,,"Abastecimiento,Ganadero,Defensa frente avenidas","Alacant,Alicante","38.032750505,-0.875543668999967"
38.0328178170001,-0.87030092599997,"PEDRERA, LA",SEGURA,ARROYO GRANDE,,,,,,"Abastecimiento,Ganadero,Defensa frente avenidas","Alacant,Alicante","38.0328178170001,-0.87030092599997"
38.020914438,-0.886308535999945,"PEDRERA, LA",SEGURA,RAMBLA DE ALCORISA,,,,,,"Abastecimiento,Ganadero,Defensa frente avenidas","Alacant,Alicante","38.020914438,-0.886308535999945"
42.7950910920001,-4.28734412199998,AGUILAR DE CAMPOO,DUERO,RÍO PISUERGA,,,,,,"Abastecimiento,Minería,Industrial,Hidroeléctrico,Ganadero,Defensa frente avenidas",Palencia,"42.7950910920001,-4.28734412199998"
42.786753651,-4.29520395699996,AGUILAR DE CAMPOO,DUERO,,,,,,,"Abastecimiento,Minería,Industrial,Hidroeléctrico,Ganadero,Defensa frente avenidas",Palencia,"42.786753651,-4.29520395699996"
42.7890792490001,-4.29181674999995,AGUILAR DE CAMPOO,DUERO,,,,,,,"Abastecimiento,Minería,Industrial,Hidroeléctrico,Ganadero,Defensa frente avenidas",Palencia,"42.7890792490001,-4.29181674999995"
41.875818591,-2.70401966899993,CUERDA DEL POZO,DUERO,RÍO DUERO,https://www.google.com/search?kgmid=/g/1226m0sv,https://www.openstreetmap.org/relation/2007522,https://www.wikidata.org/wiki/Q8775316,"Río Duero, embalse de la Cuerda del Pozo.Soria. (5098739723).jpg","https://commons.wikimedia.org/wiki/File:Río_Duero,_embalse_de_la_Cuerda_del_Pozo.Soria._(5098739723).jpg","Abastecimiento,Ganadero,Defensa frente avenidas",Soria,"41.875818591,-2.70401966899993"
42.0191548230001,-6.45932291799994,CERNADILLA,DUERO,RÍO TERA,https://www.google.com/search?kgmid=/g/121bk69m,,https://www.wikidata.org/wiki/Q8775305,Presa de Cernadilla.jpg,https://commons.wikimedia.org/wiki/File:Presa_de_Cernadilla.jpg,"Abastecimiento,Defensa frente avenidas",Zamora,"42.0191548230001,-6.45932291799994"
39.663782181,-7.53999733599994,CEDILLO,TAJO,RÍO TAJO,,,https://www.wikidata.org/wiki/Q19429422,Albufeira da Barragem de Cedillo 07.jpg,https://commons.wikimedia.org/wiki/File:Albufeira_da_Barragem_de_Cedillo_07.jpg,Abastecimiento,Cáceres,"39.663782181,-7.53999733599994"
38.08606718,-4.92546965099996,PUENTE NUEVO,GUADALQUIVIR,RÍO  GUADIATO,,,https://www.wikidata.org/wiki/Q92358754,,,"Abastecimiento,Ganadero,Defensa frente avenidas",Córdoba,"38.08606718,-4.92546965099996"
42.856207614,-8.19033879699998,PORTODEMOUROS,GALICIA-COSTA,RÍO ULLA,https://www.google.com/search?kgmid=/g/122wt42q,https://www.openstreetmap.org/relation/1636984,https://www.wikidata.org/wiki/Q49691,"Agolada, Brocos, Portomouros 01-05.JPG","https://commons.wikimedia.org/wiki/File:Agolada,_Brocos,_Portomouros_01-05.JPG",Abastecimiento,Pontevedra,"42.856207614,-8.19033879699998"
38.917254642,-5.47935710499996,ZUJAR,GUADIANA,RIO ZUJAR,https://www.google.com/search?kgmid=/g/1234zqnk,,https://www.wikidata.org/wiki/Q8775426,,,"Abastecimiento,Hidroeléctrico,Ganadero,Defensa frente avenidas",Badajoz,"38.917254642,-5.47935710499996"
38.9195069310001,-5.48063497099997,ZUJAR,GUADIANA,RIO ZUJAR,https://www.google.com/search?kgmid=/g/1234zqnk,,https://www.wikidata.org/wiki/Q8775426,,,"Abastecimiento,Hidroeléctrico,Ganadero,Defensa frente avenidas",Badajoz,"38.9195069310001,-5.48063497099997"
42.8497176120001,-5.86372470099997,BARRIOS DE LUNA,DUERO,RÍO LUNA,https://www.google.com/search?kgmid=/g/122rd45b,,https://www.wikidata.org/wiki/Q3373938,Puente Carlos Fdz. Casado.jpg,https://commons.wikimedia.org/wiki/File:Puente_Carlos_Fdz._Casado.jpg,"Abastecimiento,Ganadero,Defensa frente avenidas",León,"42.8497176120001,-5.86372470099997"
42.9289238740001,-5.29306586099995,JUAN BENET,DUERO,RÍO PORMA,https://www.google.com/search?kgmid=/g/12233bph,https://www.openstreetmap.org/relation/2698318,https://www.wikidata.org/wiki/Q8775421,EmbalsedelPorma.JPG,https://commons.wikimedia.org/wiki/File:EmbalsedelPorma.JPG,"Abastecimiento,Ganadero,Defensa frente avenidas",León,"42.9289238740001,-5.29306586099995"
38.2247732230001,-3.97405826899995,JANDULA,GUADALQUIVIR,RÍO  JÁNDULA O FRESNEDA O JORGE,https://www.google.com/search?kgmid=/g/11c1qcgpyc,,https://www.wikidata.org/wiki/Q23984862,Andújar.jpg,https://commons.wikimedia.org/wiki/File:Andújar.jpg,"Abastecimiento,Ganadero,Defensa frente avenidas",Jaén,"38.2247732230001,-3.97405826899995"
42.577466988,-6.56029138499997,BARCENA,MIÑO-SIL,RÍO SIL,https://www.google.com/search?kgmid=/g/122914sy,,https://www.wikidata.org/wiki/Q5815472,Mi legado de un paisaje - 51130886262.jpg,https://commons.wikimedia.org/wiki/File:Mi_legado_de_un_paisaje_-_51130886262.jpg,"Abastecimiento,Hidroeléctrico,Ganadero,Defensa frente avenidas",León,"42.577466988,-6.56029138499997"
42.612901241,-6.55604299999993,BARCENA,MIÑO-SIL,ARROYO DE LA REGUERA DE NARAYA,https://www.google.com/search?kgmid=/g/122914sy,,https://www.wikidata.org/wiki/Q5815472,Mi legado de un paisaje - 51130886262.jpg,https://commons.wikimedia.org/wiki/File:Mi_legado_de_un_paisaje_-_51130886262.jpg,"Abastecimiento,Hidroeléctrico,Ganadero,Defensa frente avenidas",León,"42.612901241,-6.55604299999993"
37.5584664020001,-7.52075869499993,CHANZA,GUADIANA,RIVERA DE CHANZA,https://www.google.com/search?kgmid=/g/121jcccq,,https://www.wikidata.org/wiki/Q8775414,Barragem do Chança.JPG,https://commons.wikimedia.org/wiki/File:Barragem_do_Chança.JPG,"Abastecimiento,Ganadero,Defensa frente avenidas",Huelva,"37.5584664020001,-7.52075869499993"
37.9017878980001,-5.21051732899997,BEMBEZAR,GUADALQUIVIR,RÍO  BEMBÉZAR,,,https://www.wikidata.org/wiki/Q5830414,Embalsebembezar.jpg,https://commons.wikimedia.org/wiki/File:Embalsebembezar.jpg,"Abastecimiento,Ganadero,Defensa frente avenidas",Córdoba,"37.9017878980001,-5.21051732899997"
38.3634923170001,-2.91397881899996,GUADALMENA,GUADALQUIVIR,RÍO  GUADALMENA,https://www.google.com/search?kgmid=/g/11gbf4ybkn,https://www.openstreetmap.org/relation/6027280,https://www.wikidata.org/wiki/Q39163065,Embalse del Guadalmena01.jpg,https://commons.wikimedia.org/wiki/File:Embalse_del_Guadalmena01.jpg,"Abastecimiento,Ganadero,Defensa frente avenidas",Jaén,"38.3634923170001,-2.91397881899996"
39.13201271,-0.651384200999928,TOUS,JUCAR,RÍO JÚCAR,,,,,,"Abastecimiento,Ganadero,Defensa frente avenidas","València,Valencia","39.13201271,-0.651384200999928"
42.1511967980001,0.234452975000067,"GRADO I, EL",EBRO,RÍO CINCA,,,,,,"Abastecimiento,Ganadero,Defensa frente avenidas",Huesca,"42.1511967980001,0.234452975000067"
41.939892881,1.19279358700004,RIALB,EBRO,RIU SEGRE,,,,,,"Abastecimiento,Ganadero,Defensa frente avenidas",Lleida,"41.939892881,1.19279358700004"
42.802482335,-1.36089896199996,ITOIZ,EBRO,RÍO IRATI,https://www.google.com/search?kgmid=/g/121qg1xt,https://www.openstreetmap.org/relation/34330854,https://www.wikidata.org/wiki/Q3380147,"Itoizko urtegia, Nafarroa.jpg","https://commons.wikimedia.org/wiki/File:Itoizko_urtegia,_Nafarroa.jpg","Abastecimiento,Ganadero,Defensa frente avenidas",Navarra,"42.802482335,-1.36089896199996"
42.800740997,-1.36949290399997,ITOIZ,EBRO,RÍO IRATI,https://www.google.com/search?kgmid=/g/121qg1xt,https://www.openstreetmap.org/relation/34330854,https://www.wikidata.org/wiki/Q3380147,"Itoizko urtegia, Nafarroa.jpg","https://commons.wikimedia.org/wiki/File:Itoizko_urtegia,_Nafarroa.jpg","Abastecimiento,Ganadero,Defensa frente avenidas",Navarra,"42.800740997,-1.36949290399997"
40.9119621410001,-3.47348717199998,"ATAZAR, EL",TAJO,RÍO LOZOYA,https://www.google.com/search?kgmid=/g/11bc6nxddz,,https://www.wikidata.org/wiki/Q513846,Embalse de El Atazar - 02.jpg,https://commons.wikimedia.org/wiki/File:Embalse_de_El_Atazar_-_02.jpg,"Abastecimiento,Ganadero,Defensa frente avenidas",Madrid,"40.9119621410001,-3.47348717199998"
42.313617417,0.21073754300005,MEDIANO,EBRO,RÍO CINCA,https://www.google.com/search?kgmid=/g/121bdb0g,https://www.openstreetmap.org/relation/7141904,https://www.wikidata.org/wiki/Q3215482,Embalse de Mediano.jpg,https://commons.wikimedia.org/wiki/File:Embalse_de_Mediano.jpg,"Abastecimiento,Defensa frente avenidas",Huesca,"42.313617417,0.21073754300005"
38.3655522450001,-1.77603645999994,"CENAJO, EL",SEGURA,RIO SEGURA,,,,,,"Abastecimiento,Defensa frente avenidas",Murcia,"38.3655522450001,-1.77603645999994"
42.615335069,-1.18301587299993,YESA,EBRO,RÍO ARAGÓN,https://www.google.com/search?kgmid=/g/122blxj7,,https://www.wikidata.org/wiki/Q1345950,Vista del pantano de Yesa desde Ruesta.jpg,https://commons.wikimedia.org/wiki/File:Vista_del_pantano_de_Yesa_desde_Ruesta.jpg,"Abastecimiento,Defensa frente avenidas",Navarra,"42.615335069,-1.18301587299993"
38.0911996560001,-3.51273384599995,GIRIBAILE,GUADALQUIVIR,RÍO  GUADALIMAR,,,,,,"Abastecimiento,Defensa frente avenidas",Jaén,"38.0911996560001,-3.51273384599995"
40.666865961,-5.60128066699997,SANTA TERESA,DUERO,RÍO TORMES,https://www.google.com/search?kgmid=/g/120z6y1r,https://www.openstreetmap.org/relation/4473782,https://www.wikidata.org/wiki/Q5830568,Pantano de Santa Teresa (16480185747).jpg,https://commons.wikimedia.org/wiki/File:Pantano_de_Santa_Teresa_(16480185747).jpg,"Abastecimiento,Ganadero,Defensa frente avenidas",Salamanca,"40.666865961,-5.60128066699997"
40.66633103,-5.60981228099996,SANTA TERESA,DUERO,ARROYO DE LA NAVA,https://www.google.com/search?kgmid=/g/120z6y1r,https://www.openstreetmap.org/relation/4473782,https://www.wikidata.org/wiki/Q5830568,Pantano de Santa Teresa (16480185747).jpg,https://commons.wikimedia.org/wiki/File:Pantano_de_Santa_Teresa_(16480185747).jpg,"Abastecimiento,Ganadero,Defensa frente avenidas",Salamanca,"40.66633103,-5.60981228099996"
38.1742016740001,-2.79602526599996,TRANCO DE BEAS,GUADALQUIVIR,RÍO  GUADALQUIVIR,,,,,,"Abastecimiento,Defensa frente avenidas",Jaén,"38.1742016740001,-2.79602526599996"
42.1144376730001,-7.20922708099994,"PORTAS, LAS",MIÑO-SIL,RÍO CAMBA,,,,,,Abastecimiento,Ourense,"42.1144376730001,-7.20922708099994"
42.969946861,-4.05169448199996,EBRO,EBRO,RÍO EBRO,https://www.google.com/search?kgmid=/g/1213trv6,https://www.openstreetmap.org/relation/1843373,https://www.wikidata.org/wiki/Q8775418,Arija20060515aereo1.jpg,https://commons.wikimedia.org/wiki/File:Arija20060515aereo1.jpg,"Abastecimiento,Ganadero,Defensa frente avenidas",Cantabria,"42.969946861,-4.05169448199996"
39.144361067,-5.18441797299994,GARCIA DE SOLA,GUADIANA,RIO GUADIANA,,,https://www.wikidata.org/wiki/Q8775340,Embalse de Garcia de Sola 2.jpg,https://commons.wikimedia.org/wiki/File:Embalse_de_Garcia_de_Sola_2.jpg,"Abastecimiento,Hidroeléctrico,Ganadero,Defensa frente avenidas",Badajoz,"39.144361067,-5.18441797299994"
37.561163702,-2.95478834199997,NEGRATIN,GUADALQUIVIR,RÍO  GUADIANA MENOR,,,https://www.wikidata.org/wiki/Q3752128,Embalsenegratin.jpg,https://commons.wikimedia.org/wiki/File:Embalsenegratin.jpg,"Abastecimiento,Defensa frente avenidas",Granada,"37.561163702,-2.95478834199997"
37.6251957920001,-7.40050286999997,ANDEVALO,GUADIANA,RIVERA DE MALAGON,,,,,,Abastecimiento,Huelva,"37.6251957920001,-7.40050286999997"
42.933746397,-5.08475288599993,RIAÑO,DUERO,RÍO ESLA,https://www.google.com/search?kgmid=/g/121g0xnw,https://www.openstreetmap.org/relation/254780,https://www.wikidata.org/wiki/Q8775382,Riaño.jpg,https://commons.wikimedia.org/wiki/File:Riaño.jpg,"Abastecimiento,Hidroeléctrico,Riego,Defensa frente avenidas",León,"42.933746397,-5.08475288599993"
42.6287771620001,-7.71239387399993,BELESAR,MIÑO-SIL,RÍO MIÑO,https://www.google.com/search?kgmid=/g/1214fx9h,,https://www.wikidata.org/wiki/Q3375700,"Encoro de Belesar, novembro 2007.jpg","https://commons.wikimedia.org/wiki/File:Encoro_de_Belesar,_novembro_2007.jpg","Abastecimiento,Hidroeléctrico,Ganadero,Defensa frente avenidas",Lugo,"42.6287771620001,-7.71239387399993"
41.9785559910001,0.612325865000059,CANELLES,EBRO,RÍO NOGUERA RIBAGORÇANA,,,https://www.wikidata.org/wiki/Q1033116,Pantà de Canelles - 8678220136.jpg,https://commons.wikimedia.org/wiki/File:Pantà_de_Canelles_-_8678220136.jpg,Abastecimiento,Huesca,"41.9785559910001,0.612325865000059"
37.6571849600001,-5.63911754499998,"BAUTISTA, LA",GUADALQUIVIR,ARROYO DEL TAMUJO - SEVILLA,,,,,,Abastecimiento,Sevilla,"37.6571849600001,-5.63911754499998"
36.6680511050001,-5.78680409799995,GUADALCACIN II,GUADALETE Y BARBATE,RÍO MAJACEITE,,,,,,"Abastecimiento,Defensa frente avenidas",Cádiz,"36.6680511050001,-5.78680409799995"
40.4930851390001,-2.75082189599993,ENTREPEÑAS,TAJO,RÍO TAJO,https://www.google.com/search?kgmid=/g/120jr2sg,https://www.openstreetmap.org/relation/1326855,https://www.wikidata.org/wiki/Q8775330,Embalse de Entrepeñas 02.jpg,https://commons.wikimedia.org/wiki/File:Embalse_de_Entrepeñas_02.jpg,"Abastecimiento,Hidroeléctrico,Ganadero,Defensa frente avenidas",Guadalajara,"40.4930851390001,-2.75082189599993"
38.986024098,-5.53804342499996,ORELLANA,GUADIANA,RIO GUADIANA,https://www.google.com/search?kgmid=/g/121k355r,,https://www.wikidata.org/wiki/Q11681443,Presa de Orellana La Vieja 1.jpg,https://commons.wikimedia.org/wiki/File:Presa_de_Orellana_La_Vieja_1.jpg,"Abastecimiento,Hidroeléctrico,Ganadero,Defensa frente avenidas",Badajoz,"38.986024098,-5.53804342499996"
38.7874608500001,-6.26830306899996,ALANGE,GUADIANA,RIO MATACHEL,https://www.google.com/search?kgmid=/g/1226m0st,,https://www.wikidata.org/wiki/Q3379753,Presa d'Alanhi.JPG,https://commons.wikimedia.org/wiki/File:Presa_d'Alanhi.JPG,"Abastecimiento,Ganadero,Defensa frente avenidas",Badajoz,"38.7874608500001,-6.26830306899996"
39.5435634520001,-1.50316294099997,CONTRERAS,JUCAR,RÍO CABRIEL,,,,,,"Abastecimiento,Ganadero,Defensa frente avenidas","València,Valencia","39.5435634520001,-1.50316294099997"
39.5432230330001,-1.51032713299998,CONTRERAS,JUCAR,RÍO CABRIEL,,,,,,"Abastecimiento,Ganadero,Defensa frente avenidas",Cuenca,"39.5432230330001,-1.51032713299998"
40.2212708710001,-6.13324221599993,GABRIEL Y GALAN,TAJO,RÍO ALAGÓN,https://www.google.com/search?kgmid=/g/1225qnqj,https://www.openstreetmap.org/relation/3828300,https://www.wikidata.org/wiki/Q3379742,Embalse de Gabriel Galán (7657313416).jpg,https://commons.wikimedia.org/wiki/File:Embalse_de_Gabriel_Galán_(7657313416).jpg,"Abastecimiento,Defensa frente avenidas",Cáceres,"40.2212708710001,-6.13324221599993"
37.276152972,-4.38687256899993,IZNAJAR,GUADALQUIVIR,RÍO  GENIL,,,https://www.wikidata.org/wiki/Q5369447,EmbalseDeIznájar.jpg,https://commons.wikimedia.org/wiki/File:EmbalseDeIznájar.jpg,"Abastecimiento,Ganadero,Defensa frente avenidas",Córdoba,"37.276152972,-4.38687256899993"
39.5643548690001,-2.11225016699996,ALARCON,JUCAR,RÍO JÚCAR,https://www.google.com/search?kgmid=/g/120z_bn_,,https://www.wikidata.org/wiki/Q3206248,"Embalse de Alarcón, 02.jpg","https://commons.wikimedia.org/wiki/File:Embalse_de_Alarcón,_02.jpg","Abastecimiento,Hidroeléctrico,Ganadero,Defensa frente avenidas",Cuenca,"39.5643548690001,-2.11225016699996"
41.527467749,-5.98543277699997,RICOBAYO,DUERO,RÍO ESLA,,https://www.openstreetmap.org/relation/1232049,https://www.wikidata.org/wiki/Q23993005,Embalse de Ricobayo edited.jpg,https://commons.wikimedia.org/wiki/File:Embalse_de_Ricobayo_edited.jpg,Abastecimiento,Zamora,"41.527467749,-5.98543277699997"
39.7781074380001,-5.61185123699994,VALDECAÑAS,TAJO,RÍO TAJO,https://www.google.com/search?kgmid=/g/123196vv,https://www.openstreetmap.org/relation/65527,https://www.wikidata.org/wiki/Q3379578,Embalse de Valdecañas (Bohonal de Ibor) - 001 (30407091170).jpg,https://commons.wikimedia.org/wiki/File:Embalse_de_Valdecañas_(Bohonal_de_Ibor)_-_001_(30407091170).jpg,"Abastecimiento,Defensa frente avenidas",Cáceres,"39.7781074380001,-5.61185123699994"
39.373622884,-5.01612487499995,CIJARA,GUADIANA,RIO GUADIANA,,,https://www.wikidata.org/wiki/Q23986950,Vista aérea del embalse de Cíjara.jpg,https://commons.wikimedia.org/wiki/File:Vista_aérea_del_embalse_de_Cíjara.jpg,"Abastecimiento,Hidroeléctrico,Ganadero,Defensa frente avenidas",Cáceres,"39.373622884,-5.01612487499995"
41.2470170710001,-0.057856813999933,CASPE,EBRO,ANTIGUO CAUCE DEL RÍO GUADALOPE,https://www.google.com/search?kgmid=/g/11ycydz0t,,https://www.wikidata.org/wiki/Q61861349,,,"Hidroeléctrico,Defensa frente avenidas",Zaragoza,"41.2470170710001,-0.057856813999933"
40.3992227420001,-2.78382182099995,BUENDIA,TAJO,RÍO GUADIELA,https://www.google.com/search?kgmid=/g/1214fx9j,https://www.openstreetmap.org/relation/8383993,https://www.wikidata.org/wiki/Q8775297,Embalse de Buendía.jpg,https://commons.wikimedia.org/wiki/File:Embalse_de_Buendía.jpg,"Abastecimiento,Hidroeléctrico,Ganadero,Defensa frente avenidas",Cuenca,"40.3992227420001,-2.78382182099995"
41.2714941880001,-6.32020866599993,ALMENDRA,DUERO,RÍO TORMES,,https://www.openstreetmap.org/relation/1613295,https://www.wikidata.org/wiki/Q43561654,"Almendra, Salamanca, Spain - panoramio (1).jpg","https://commons.wikimedia.org/wiki/File:Almendra,_Salamanca,_Spain_-_panoramio_(1).jpg",Abastecimiento,Zamora,"41.2714941880001,-6.32020866599993"
38.9127291240001,-5.41330542299994,"SERENA, LA",GUADIANA,RIO ZUJAR,https://www.google.com/search?kgmid=/g/122dlpnz,,https://www.wikidata.org/wiki/Q3373806,Presa de Embalse de la Serena 2.jpg,https://commons.wikimedia.org/wiki/File:Presa_de_Embalse_de_la_Serena_2.jpg,"Abastecimiento,Hidroeléctrico,Ganadero,Defensa frente avenidas",Badajoz,"38.9127291240001,-5.41330542299994"
