;;;;GASTOS DE PRESTACIONES POR DESEMPLEO ( miles de euros) POR PROVINCIA Y TIPO DE PRESTACIÓN;;;;;;
Código mes ;mes;Código de CA;Comunidad Autónoma;Codigo Provincia;Provincia;Gasto Total Prestación;Gasto Prestación Contributiva;Gasto Subsidio Desempleo;Gasto Renta Activa Inserción;Gasto Subsidio Eventuales Agrarios
201001;Enero de 2010;1;Andalucía;4;Almería;44045;28276;12628;985;2156
201001;Enero de 2010;1;Andalucía;11;Cádiz;91066;54983;25855;4836;5392
201001;Enero de 2010;1;Andalucía;14;Córdoba;53444;28443;12972;1503;10526
201001;Enero de 2010;1;Andalucía;18;Granada;62750;37839;16076;1377;7458
201001;Enero de 2010;1;Andalucía;21;Huelva;41781;26044;10129;842;4766
201001;Enero de 2010;1;Andalucía;23;Jaén;37114;18596;8175;1077;9266
201001;Enero de 2010;1;Andalucía;29;Málaga;114634;79023;27616;2801;5194
201001;Enero de 2010;1;Andalucía;41;Sevilla;136093;82307;34150;3968;15668
201001;Enero de 2010;2;Aragón;22;Huesca;10215;8481;1673;61;0
201001;Enero de 2010;2;Aragón;44;Teruel;6833;5450;1346;37;0
201001;Enero de 2010;2;Aragón;50;Zaragoza;57443;47744;9243;456;0
201001;Enero de 2010;3;Asturias, Principado de;33;Asturias;53865;40201;12948;716;0
201001;Enero de 2010;4;Balears, Illes;7;Balears, Illes;103861;81790;21594;477;0
201001;Enero de 2010;5;Canarias;35;Palmas, Las;76304;49572;23755;2977;0
201001;Enero de 2010;5;Canarias;38;Santa Cruz de Tenerife;67972;46622;19568;1782;0
201001;Enero de 2010;6;Cantabria;39;Cantabria;30938;24871;5643;424;0
201001;Enero de 2010;7;Castilla y León;5;Ávila;8514;6508;1870;136;0
201001;Enero de 2010;7;Castilla y León;9;Burgos;18955;15626;3134;195;0
201001;Enero de 2010;7;Castilla y León;24;León;24322;18955;5010;357;0
201001;Enero de 2010;7;Castilla y León;34;Palencia;7536;5931;1442;163;0
201001;Enero de 2010;7;Castilla y León;37;Salamanca;16296;12189;3660;447;0
201001;Enero de 2010;7;Castilla y León;40;Segovia;6604;5498;1064;42;0
201001;Enero de 2010;7;Castilla y León;42;Soria;3694;3039;627;28;0
201001;Enero de 2010;7;Castilla y León;47;Valladolid;26402;21856;4075;471;0
201001;Enero de 2010;7;Castilla y León;49;Zamora;8160;6310;1691;159;0
201001;Enero de 2010;8;Castilla - La Mancha;2;Albacete;23659;17321;5699;639;0
201001;Enero de 2010;8;Castilla - La Mancha;13;Ciudad Real;29384;21542;7316;526;0
201001;Enero de 2010;8;Castilla - La Mancha;16;Cuenca;10066;7577;2326;163;0
201001;Enero de 2010;8;Castilla - La Mancha;19;Guadalajara;15916;13237;2612;67;0
201001;Enero de 2010;8;Castilla - La Mancha;45;Toledo;43430;34397;8539;494;0
201001;Enero de 2010;9;Cataluña;8;Barcelona;391067;327141;62021;1905;0
201001;Enero de 2010;9;Cataluña;17;Girona;55455;44177;11088;190;0
201001;Enero de 2010;9;Cataluña;25;Lleida;22131;18042;3981;108;0
201001;Enero de 2010;9;Cataluña;43;Tarragona;59427;47484;11591;352;0
201001;Enero de 2010;10;Comunitat Valenciana;3;Alicante/Alacant;117895;85328;29189;3378;0
201001;Enero de 2010;10;Comunitat Valenciana;12;Castellón/Castelló;50543;42984;7385;174;0
201001;Enero de 2010;10;Comunitat Valenciana;46;Valencia/Valéncia;164846;132424;30346;2076;0
201001;Enero de 2010;11;Extremadura;6;Badajoz;45386;24824;12897;2084;5581
201001;Enero de 2010;11;Extremadura;10;Cáceres;26070;15787;6151;526;3606
201001;Enero de 2010;12;Galicia;15;Coruña, A;57667;43739;12742;1186;0
201001;Enero de 2010;12;Galicia;27;Lugo;13717;10302;3130;285;0
201001;Enero de 2010;12;Galicia;32;Ourense;14954;10277;4238;439;0
201001;Enero de 2010;12;Galicia;36;Pontevedra;55621;41653;12894;1074;0
201001;Enero de 2010;13;Madrid, Comunidad de;28;Madrid;356954;304143;50622;2189;0
201001;Enero de 2010;14;Murcia, Región de;30;Murcia;89921;70112;18380;1429;0
201001;Enero de 2010;15;Navarra, Comunidad Foral de;31;Navarra;36589;30348;6047;194;0
201001;Enero de 2010;16;País Vasco;1;Araba/Álava;18317;15879;2385;53;0
201001;Enero de 2010;16;País Vasco;20;Gipuzkoa;36361;31124;5043;194;0
201001;Enero de 2010;16;País Vasco;48;Bizkaia;55575;47048;8204;323;0
201001;Enero de 2010;17;Rioja, La;26;Rioja, La;17737;14716;2905;116;0
201001;Enero de 2010;18;Ceuta;51;Ceuta;3029;1490;1440;99;0
201001;Enero de 2010;19;Melilla;52;Melilla;2594;1296;1146;152;0
201002;Febrero de 2010;1;Andalucía;4;Almería;43782;27445;13309;1016;2012
201002;Febrero de 2010;1;Andalucía;11;Cádiz;89473;52499;27222;4959;4793
201002;Febrero de 2010;1;Andalucía;14;Córdoba;51728;27966;13315;1533;8914
201002;Febrero de 2010;1;Andalucía;18;Granada;61373;36262;16852;1426;6833
201002;Febrero de 2010;1;Andalucía;21;Huelva;38837;23296;10233;875;4433
201002;Febrero de 2010;1;Andalucía;23;Jaén;33558;18509;7967;1091;5991
201002;Febrero de 2010;1;Andalucía;29;Málaga;112825;75608;29349;2878;4990
201002;Febrero de 2010;1;Andalucía;41;Sevilla;134505;79146;36162;4084;15113
201002;Febrero de 2010;2;Aragón;22;Huesca;10167;8325;1774;68;0
201002;Febrero de 2010;2;Aragón;44;Teruel;6576;5134;1402;40;0
201002;Febrero de 2010;2;Aragón;50;Zaragoza;55340;44974;9884;482;0
201002;Febrero de 2010;3;Asturias, Principado de;33;Asturias;53674;39365;13581;728;0
201002;Febrero de 2010;4;Balears, Illes;7;Balears, Illes;93190;70994;21691;505;0
201002;Febrero de 2010;5;Canarias;35;Palmas, Las;77516;49480;24995;3041;0
201002;Febrero de 2010;5;Canarias;38;Santa Cruz de Tenerife;68313;45898;20634;1781;0
201002;Febrero de 2010;6;Cantabria;39;Cantabria;30820;24385;6018;417;0
201002;Febrero de 2010;7;Castilla y León;5;Ávila;8677;6452;2084;141;0
201002;Febrero de 2010;7;Castilla y León;9;Burgos;18933;15271;3460;202;0
201002;Febrero de 2010;7;Castilla y León;24;León;24886;19188;5329;369;0
201002;Febrero de 2010;7;Castilla y León;34;Palencia;7603;5886;1550;167;0
201002;Febrero de 2010;7;Castilla y León;37;Salamanca;16045;11665;3936;444;0
201002;Febrero de 2010;7;Castilla y León;40;Segovia;6819;5610;1169;40;0
201002;Febrero de 2010;7;Castilla y León;42;Soria;3712;2993;688;31;0
201002;Febrero de 2010;7;Castilla y León;47;Valladolid;26852;21808;4557;487;0
201002;Febrero de 2010;7;Castilla y León;49;Zamora;8218;6176;1876;166;0
201002;Febrero de 2010;8;Castilla - La Mancha;2;Albacete;23432;16654;6130;648;0
201002;Febrero de 2010;8;Castilla - La Mancha;13;Ciudad Real;28519;20167;7815;537;0
201002;Febrero de 2010;8;Castilla - La Mancha;16;Cuenca;9872;7180;2527;165;0
201002;Febrero de 2010;8;Castilla - La Mancha;19;Guadalajara;15644;12769;2799;76;0
201002;Febrero de 2010;8;Castilla - La Mancha;45;Toledo;43345;33658;9174;513;0
201002;Febrero de 2010;9;Cataluña;8;Barcelona;385395;317930;65518;1947;0
201002;Febrero de 2010;9;Cataluña;17;Girona;52931;41186;11547;198;0
201002;Febrero de 2010;9;Cataluña;25;Lleida;22090;17665;4307;118;0
201002;Febrero de 2010;9;Cataluña;43;Tarragona;58273;45562;12329;382;0
201002;Febrero de 2010;10;Comunitat Valenciana;3;Alicante/Alacant;120237;85033;31651;3553;0
201002;Febrero de 2010;10;Comunitat Valenciana;12;Castellón/Castelló;51146;42304;8654;188;0
201002;Febrero de 2010;10;Comunitat Valenciana;46;Valencia/Valéncia;169034;133236;33643;2155;0
201002;Febrero de 2010;11;Extremadura;6;Badajoz;44391;23334;13709;2056;5292
201002;Febrero de 2010;11;Extremadura;10;Cáceres;25255;14572;6651;533;3499
201002;Febrero de 2010;12;Galicia;15;Coruña, A;56040;41495;13355;1190;0
201002;Febrero de 2010;12;Galicia;27;Lugo;13570;9951;3330;289;0
201002;Febrero de 2010;12;Galicia;32;Ourense;14843;9970;4443;430;0
201002;Febrero de 2010;12;Galicia;36;Pontevedra;55537;40939;13511;1087;0
201002;Febrero de 2010;13;Madrid, Comunidad de;28;Madrid;356098;299116;54735;2247;0
201002;Febrero de 2010;14;Murcia, Región de;30;Murcia;91959;69834;20624;1501;0
201002;Febrero de 2010;15;Navarra, Comunidad Foral de;31;Navarra;36699;30136;6356;207;0
201002;Febrero de 2010;16;País Vasco;1;Araba/Álava;17902;15344;2505;53;0
201002;Febrero de 2010;16;País Vasco;20;Gipuzkoa;38171;32697;5275;199;0
201002;Febrero de 2010;16;País Vasco;48;Bizkaia;56607;47677;8594;336;0
201002;Febrero de 2010;17;Rioja, La;26;Rioja, La;17580;14333;3115;132;0
201002;Febrero de 2010;18;Ceuta;51;Ceuta;3298;1619;1566;113;0
201002;Febrero de 2010;19;Melilla;52;Melilla;2738;1374;1213;151;0
201003;Marzo de 2010;1;Andalucía;4;Almería;44268;27235;14031;1057;1945
201003;Marzo de 2010;1;Andalucía;11;Cádiz;85738;48811;27412;4961;4554
201003;Marzo de 2010;1;Andalucía;14;Córdoba;51714;27586;13818;1526;8784
201003;Marzo de 2010;1;Andalucía;18;Granada;61134;35378;17514;1448;6794
201003;Marzo de 2010;1;Andalucía;21;Huelva;37204;21779;10357;882;4186
201003;Marzo de 2010;1;Andalucía;23;Jaén;36468;20634;8851;1132;5851
201003;Marzo de 2010;1;Andalucía;29;Málaga;109223;71111;30194;2955;4963
201003;Marzo de 2010;1;Andalucía;41;Sevilla;133949;77335;37391;4103;15120
201003;Marzo de 2010;2;Aragón;22;Huesca;10002;8080;1855;67;0
201003;Marzo de 2010;2;Aragón;44;Teruel;6299;4801;1456;42;0
201003;Marzo de 2010;2;Aragón;50;Zaragoza;54909;44119;10279;511;0
201003;Marzo de 2010;3;Asturias, Principado de;33;Asturias;53479;38910;13823;746;0
201003;Marzo de 2010;4;Balears, Illes;7;Balears, Illes;78362;55674;22160;528;0
201003;Marzo de 2010;5;Canarias;35;Palmas, Las;77072;48443;25547;3082;0
201003;Marzo de 2010;5;Canarias;38;Santa Cruz de Tenerife;68769;45214;21737;1818;0
201003;Marzo de 2010;6;Cantabria;39;Cantabria;29738;23177;6143;418;0
201003;Marzo de 2010;7;Castilla y León;5;Ávila;8606;6221;2242;143;0
201003;Marzo de 2010;7;Castilla y León;9;Burgos;18965;15218;3545;202;0
201003;Marzo de 2010;7;Castilla y León;24;León;24297;18491;5429;377;0
201003;Marzo de 2010;7;Castilla y León;34;Palencia;7273;5511;1598;164;0
201003;Marzo de 2010;7;Castilla y León;37;Salamanca;16042;11497;4093;452;0
201003;Marzo de 2010;7;Castilla y León;40;Segovia;6561;5304;1216;41;0
201003;Marzo de 2010;7;Castilla y León;42;Soria;3591;2835;724;32;0
201003;Marzo de 2010;7;Castilla y León;47;Valladolid;26379;21202;4673;504;0
201003;Marzo de 2010;7;Castilla y León;49;Zamora;7986;5884;1934;168;0
201003;Marzo de 2010;8;Castilla - La Mancha;2;Albacete;23141;16138;6350;653;0
201003;Marzo de 2010;8;Castilla - La Mancha;13;Ciudad Real;28645;19919;8186;540;0
201003;Marzo de 2010;8;Castilla - La Mancha;16;Cuenca;9877;7090;2623;164;0
201003;Marzo de 2010;8;Castilla - La Mancha;19;Guadalajara;15623;12647;2895;81;0
201003;Marzo de 2010;8;Castilla - La Mancha;45;Toledo;43861;33647;9694;520;0
201003;Marzo de 2010;9;Cataluña;8;Barcelona;380367;310983;67373;2011;0
201003;Marzo de 2010;9;Cataluña;17;Girona;49160;37352;11606;202;0
201003;Marzo de 2010;9;Cataluña;25;Lleida;21657;17068;4469;120;0
201003;Marzo de 2010;9;Cataluña;43;Tarragona;55386;42360;12617;409;0
201003;Marzo de 2010;10;Comunitat Valenciana;3;Alicante/Alacant;117757;81730;32400;3627;0
201003;Marzo de 2010;10;Comunitat Valenciana;12;Castellón/Castelló;50872;41300;9376;196;0
201003;Marzo de 2010;10;Comunitat Valenciana;46;Valencia/Valéncia;167327;129855;35226;2246;0
201003;Marzo de 2010;11;Extremadura;6;Badajoz;44288;22758;14298;2059;5173
201003;Marzo de 2010;11;Extremadura;10;Cáceres;25230;14192;7001;544;3493
201003;Marzo de 2010;12;Galicia;15;Coruña, A;55402;40504;13705;1193;0
201003;Marzo de 2010;12;Galicia;27;Lugo;13442;9718;3429;295;0
201003;Marzo de 2010;12;Galicia;32;Ourense;14687;9657;4609;421;0
201003;Marzo de 2010;12;Galicia;36;Pontevedra;55647;40570;13970;1107;0
201003;Marzo de 2010;13;Madrid, Comunidad de;28;Madrid;354102;293697;58127;2278;0
201003;Marzo de 2010;14;Murcia, Región de;30;Murcia;90994;67717;21680;1597;0
201003;Marzo de 2010;15;Navarra, Comunidad Foral de;31;Navarra;36256;29557;6485;214;0
201003;Marzo de 2010;16;País Vasco;1;Araba/Álava;17634;14939;2636;59;0
201003;Marzo de 2010;16;País Vasco;20;Gipuzkoa;36880;31332;5348;200;0
201003;Marzo de 2010;16;País Vasco;48;Bizkaia;55543;46422;8780;341;0
201003;Marzo de 2010;17;Rioja, La;26;Rioja, La;17414;13993;3276;145;0
201003;Marzo de 2010;18;Ceuta;51;Ceuta;3147;1480;1549;118;0
201003;Marzo de 2010;19;Melilla;52;Melilla;2732;1364;1218;150;0
201004;Abril de 2010;1;Andalucía;4;Almería;44387;26856;14541;1107;1883
201004;Abril de 2010;1;Andalucía;11;Cádiz;80486;44008;26855;4980;4643
201004;Abril de 2010;1;Andalucía;14;Córdoba;52539;26584;14763;1562;9630
201004;Abril de 2010;1;Andalucía;18;Granada;59691;33181;17924;1473;7113
201004;Abril de 2010;1;Andalucía;21;Huelva;34064;19356;9994;902;3812
201004;Abril de 2010;1;Andalucía;23;Jaén;40925;21650;10858;1183;7234
201004;Abril de 2010;1;Andalucía;29;Málaga;104129;65730;30243;3036;5120
201004;Abril de 2010;1;Andalucía;41;Sevilla;127771;71089;37234;4118;15330
201004;Abril de 2010;2;Aragón;22;Huesca;10011;8050;1888;73;0
201004;Abril de 2010;2;Aragón;44;Teruel;6038;4533;1464;41;0
201004;Abril de 2010;2;Aragón;50;Zaragoza;53897;42854;10509;534;0
201004;Abril de 2010;3;Asturias, Principado de;33;Asturias;52250;37790;13700;760;0
201004;Abril de 2010;4;Balears, Illes;7;Balears, Illes;66453;46392;19519;542;0
201004;Abril de 2010;5;Canarias;35;Palmas, Las;76660;47399;26052;3209;0
201004;Abril de 2010;5;Canarias;38;Santa Cruz de Tenerife;67989;43960;22136;1893;0
201004;Abril de 2010;6;Cantabria;39;Cantabria;28495;21959;6114;422;0
201004;Abril de 2010;7;Castilla y León;5;Ávila;8277;5854;2278;145;0
201004;Abril de 2010;7;Castilla y León;9;Burgos;18332;14605;3515;212;0
201004;Abril de 2010;7;Castilla y León;24;León;22804;17017;5418;369;0
201004;Abril de 2010;7;Castilla y León;34;Palencia;6950;5192;1595;163;0
201004;Abril de 2010;7;Castilla y León;37;Salamanca;15376;10797;4123;456;0
201004;Abril de 2010;7;Castilla y León;40;Segovia;6320;5084;1194;42;0
201004;Abril de 2010;7;Castilla y León;42;Soria;3358;2613;711;34;0
201004;Abril de 2010;7;Castilla y León;47;Valladolid;25670;20418;4746;506;0
201004;Abril de 2010;7;Castilla y León;49;Zamora;7645;5524;1952;169;0
201004;Abril de 2010;8;Castilla - La Mancha;2;Albacete;23181;15907;6609;665;0
201004;Abril de 2010;8;Castilla - La Mancha;13;Ciudad Real;27557;18665;8338;554;0
201004;Abril de 2010;8;Castilla - La Mancha;16;Cuenca;10127;7201;2761;165;0
201004;Abril de 2010;8;Castilla - La Mancha;19;Guadalajara;15527;12453;2995;79;0
201004;Abril de 2010;8;Castilla - La Mancha;45;Toledo;42697;32197;9960;540;0
201004;Abril de 2010;9;Cataluña;8;Barcelona;373323;303438;67774;2111;0
201004;Abril de 2010;9;Cataluña;17;Girona;44559;33635;10710;214;0
201004;Abril de 2010;9;Cataluña;25;Lleida;21122;16441;4543;138;0
201004;Abril de 2010;9;Cataluña;43;Tarragona;50495;38257;11816;422;0
201004;Abril de 2010;10;Comunitat Valenciana;3;Alicante/Alacant;113975;77603;32677;3695;0
201004;Abril de 2010;10;Comunitat Valenciana;12;Castellón/Castelló;50138;40113;9803;222;0
201004;Abril de 2010;10;Comunitat Valenciana;46;Valencia/Valéncia;165473;127228;35934;2311;0
201004;Abril de 2010;11;Extremadura;6;Badajoz;42444;21065;14058;2056;5265
201004;Abril de 2010;11;Extremadura;10;Cáceres;24299;13294;6950;561;3494
201004;Abril de 2010;12;Galicia;15;Coruña, A;53747;38761;13795;1191;0
201004;Abril de 2010;12;Galicia;27;Lugo;12969;9241;3431;297;0
201004;Abril de 2010;12;Galicia;32;Ourense;14259;9286;4558;415;0
201004;Abril de 2010;12;Galicia;36;Pontevedra;55163;39977;14069;1117;0
201004;Abril de 2010;13;Madrid, Comunidad de;28;Madrid;344985;284700;57888;2397;0
201004;Abril de 2010;14;Murcia, Región de;30;Murcia;86906;63892;21388;1626;0
201004;Abril de 2010;15;Navarra, Comunidad Foral de;31;Navarra;34935;28310;6407;218;0
201004;Abril de 2010;16;País Vasco;1;Araba/Álava;16913;14238;2620;55;0
201004;Abril de 2010;16;País Vasco;20;Gipuzkoa;35454;29825;5414;215;0
201004;Abril de 2010;16;País Vasco;48;Bizkaia;54072;45027;8701;344;0
201004;Abril de 2010;17;Rioja, La;26;Rioja, La;16734;13319;3267;148;0
201004;Abril de 2010;18;Ceuta;51;Ceuta;3104;1413;1561;130;0
201004;Abril de 2010;19;Melilla;52;Melilla;2720;1364;1202;154;0
201005;Mayo de 2010;1;Andalucía;4;Almería;44095;26511;14537;1150;1897
201005;Mayo de 2010;1;Andalucía;11;Cádiz;76531;41102;25892;5029;4508
201005;Mayo de 2010;1;Andalucía;14;Córdoba;52396;25577;15118;1582;10119
201005;Mayo de 2010;1;Andalucía;18;Granada;58801;32011;18042;1548;7200
201005;Mayo de 2010;1;Andalucía;21;Huelva;32877;18750;9661;923;3543
201005;Mayo de 2010;1;Andalucía;23;Jaén;41767;20891;11526;1222;8128
201005;Mayo de 2010;1;Andalucía;29;Málaga;100338;61909;30000;3148;5281
201005;Mayo de 2010;1;Andalucía;41;Sevilla;124803;68496;36942;4153;15212
201005;Mayo de 2010;2;Aragón;22;Huesca;9971;8070;1826;75;0
201005;Mayo de 2010;2;Aragón;44;Teruel;5913;4425;1446;42;0
201005;Mayo de 2010;2;Aragón;50;Zaragoza;52497;41684;10260;553;0
201005;Mayo de 2010;3;Asturias, Principado de;33;Asturias;50383;36082;13500;801;0
201005;Mayo de 2010;4;Balears, Illes;7;Balears, Illes;54141;39547;14027;567;0
201005;Mayo de 2010;5;Canarias;35;Palmas, Las;76597;47292;25977;3328;0
201005;Mayo de 2010;5;Canarias;38;Santa Cruz de Tenerife;67484;43493;22020;1971;0
201005;Mayo de 2010;6;Cantabria;39;Cantabria;27170;20736;6004;430;0
201005;Mayo de 2010;7;Castilla y León;5;Ávila;7833;5376;2309;148;0
201005;Mayo de 2010;7;Castilla y León;9;Burgos;17857;14135;3500;222;0
201005;Mayo de 2010;7;Castilla y León;24;León;22133;16288;5467;378;0
201005;Mayo de 2010;7;Castilla y León;34;Palencia;6741;4965;1611;165;0
201005;Mayo de 2010;7;Castilla y León;37;Salamanca;14840;10221;4151;468;0
201005;Mayo de 2010;7;Castilla y León;40;Segovia;6194;4942;1206;46;0
201005;Mayo de 2010;7;Castilla y León;42;Soria;3374;2611;729;34;0
201005;Mayo de 2010;7;Castilla y León;47;Valladolid;25034;19744;4772;518;0
201005;Mayo de 2010;7;Castilla y León;49;Zamora;7404;5219;2015;170;0
201005;Mayo de 2010;8;Castilla - La Mancha;2;Albacete;21832;14526;6654;652;0
201005;Mayo de 2010;8;Castilla - La Mancha;13;Ciudad Real;25971;17001;8411;559;0
201005;Mayo de 2010;8;Castilla - La Mancha;16;Cuenca;9452;6489;2797;166;0
201005;Mayo de 2010;8;Castilla - La Mancha;19;Guadalajara;14695;11582;3033;80;0
201005;Mayo de 2010;8;Castilla - La Mancha;45;Toledo;40724;30043;10137;544;0
201005;Mayo de 2010;9;Cataluña;8;Barcelona;360992;291452;67309;2231;0
201005;Mayo de 2010;9;Cataluña;17;Girona;42036;31560;10243;233;0
201005;Mayo de 2010;9;Cataluña;25;Lleida;20515;15819;4544;152;0
201005;Mayo de 2010;9;Cataluña;43;Tarragona;48232;36382;11410;440;0
201005;Mayo de 2010;10;Comunitat Valenciana;3;Alicante/Alacant;108937;72599;32505;3833;0
201005;Mayo de 2010;10;Comunitat Valenciana;12;Castellón/Castelló;49363;39026;10107;230;0
201005;Mayo de 2010;10;Comunitat Valenciana;46;Valencia/Valéncia;161140;122050;36669;2421;0
201005;Mayo de 2010;11;Extremadura;6;Badajoz;39711;18993;13568;2061;5089
201005;Mayo de 2010;11;Extremadura;10;Cáceres;22543;11974;6751;577;3241
201005;Mayo de 2010;12;Galicia;15;Coruña, A;51657;36883;13570;1204;0
201005;Mayo de 2010;12;Galicia;27;Lugo;12464;8764;3409;291;0
201005;Mayo de 2010;12;Galicia;32;Ourense;13845;8926;4506;413;0
201005;Mayo de 2010;12;Galicia;36;Pontevedra;53182;38255;13788;1139;0
201005;Mayo de 2010;13;Madrid, Comunidad de;28;Madrid;335115;274978;57678;2459;0
201005;Mayo de 2010;14;Murcia, Región de;30;Murcia;85144;62209;21213;1722;0
201005;Mayo de 2010;15;Navarra, Comunidad Foral de;31;Navarra;33116;26599;6295;222;0
201005;Mayo de 2010;16;País Vasco;1;Araba/Álava;15033;12341;2630;62;0
201005;Mayo de 2010;16;País Vasco;20;Gipuzkoa;34091;28478;5384;229;0
201005;Mayo de 2010;16;País Vasco;48;Bizkaia;51219;42273;8588;358;0
201005;Mayo de 2010;17;Rioja, La;26;Rioja, La;15856;12537;3157;162;0
201005;Mayo de 2010;18;Ceuta;51;Ceuta;3245;1345;1749;151;0
201005;Mayo de 2010;19;Melilla;52;Melilla;3191;1514;1492;185;0
201006;Junio de 2010;1;Andalucía;4;Almería;45556;28160;14203;1236;1957
201006;Junio de 2010;1;Andalucía;11;Cádiz;74368;40361;24471;5152;4384
201006;Junio de 2010;1;Andalucía;14;Córdoba;51981;24781;14992;1638;10570
201006;Junio de 2010;1;Andalucía;18;Granada;57262;30737;17510;1610;7405
201006;Junio de 2010;1;Andalucía;21;Huelva;35367;21025;9838;941;3563
201006;Junio de 2010;1;Andalucía;23;Jaén;41783;19999;11817;1272;8695
201006;Junio de 2010;1;Andalucía;29;Málaga;96406;59114;28510;3317;5465
201006;Junio de 2010;1;Andalucía;41;Sevilla;122292;66804;35903;4255;15330
201006;Junio de 2010;2;Aragón;22;Huesca;9138;7555;1505;78;0
201006;Junio de 2010;2;Aragón;44;Teruel;5552;4137;1373;42;0
201006;Junio de 2010;2;Aragón;50;Zaragoza;49847;39665;9589;593;0
201006;Junio de 2010;3;Asturias, Principado de;33;Asturias;48194;34483;12909;802;0
201006;Junio de 2010;4;Balears, Illes;7;Balears, Illes;49724;36623;12504;597;0
201006;Junio de 2010;5;Canarias;35;Palmas, Las;75791;47017;25263;3511;0
201006;Junio de 2010;5;Canarias;38;Santa Cruz de Tenerife;67120;43466;21564;2090;0
201006;Junio de 2010;6;Cantabria;39;Cantabria;25782;19710;5621;451;0
201006;Junio de 2010;7;Castilla y León;5;Ávila;7442;5075;2214;153;0
201006;Junio de 2010;7;Castilla y León;9;Burgos;16852;13258;3374;220;0
201006;Junio de 2010;7;Castilla y León;24;León;21432;15714;5323;395;0
201006;Junio de 2010;7;Castilla y León;34;Palencia;6306;4580;1562;164;0
201006;Junio de 2010;7;Castilla y León;37;Salamanca;14129;9699;3959;471;0
201006;Junio de 2010;7;Castilla y León;40;Segovia;5734;4508;1176;50;0
201006;Junio de 2010;7;Castilla y León;42;Soria;3145;2401;708;36;0
201006;Junio de 2010;7;Castilla y León;47;Valladolid;24057;18891;4627;539;0
201006;Junio de 2010;7;Castilla y León;49;Zamora;7001;4879;1947;175;0
201006;Junio de 2010;8;Castilla - La Mancha;2;Albacete;20885;13747;6466;672;0
201006;Junio de 2010;8;Castilla - La Mancha;13;Ciudad Real;24633;15879;8193;561;0
201006;Junio de 2010;8;Castilla - La Mancha;16;Cuenca;9032;6179;2686;167;0
201006;Junio de 2010;8;Castilla - La Mancha;19;Guadalajara;14108;11044;2983;81;0
201006;Junio de 2010;8;Castilla - La Mancha;45;Toledo;39569;28704;10290;575;0
201006;Junio de 2010;9;Cataluña;8;Barcelona;347159;279599;65138;2422;0
201006;Junio de 2010;9;Cataluña;17;Girona;39044;29572;9233;239;0
201006;Junio de 2010;9;Cataluña;25;Lleida;19168;14686;4323;159;0
201006;Junio de 2010;9;Cataluña;43;Tarragona;46171;34812;10878;481;0
201006;Junio de 2010;10;Comunitat Valenciana;3;Alicante/Alacant;104991;70207;30768;4016;0
201006;Junio de 2010;10;Comunitat Valenciana;12;Castellón/Castelló;47347;37345;9745;257;0
201006;Junio de 2010;10;Comunitat Valenciana;46;Valencia/Valéncia;160202;121735;35891;2576;0
201006;Junio de 2010;11;Extremadura;6;Badajoz;38618;18274;13166;2103;5075
201006;Junio de 2010;11;Extremadura;10;Cáceres;21861;11548;6479;598;3236
201006;Junio de 2010;12;Galicia;15;Coruña, A;50111;35883;12991;1237;0
201006;Junio de 2010;12;Galicia;27;Lugo;12085;8511;3276;298;0
201006;Junio de 2010;12;Galicia;32;Ourense;13716;8957;4330;429;0
201006;Junio de 2010;12;Galicia;36;Pontevedra;50925;36773;12989;1163;0
201006;Junio de 2010;13;Madrid, Comunidad de;28;Madrid;326940;268005;56336;2599;0
201006;Junio de 2010;14;Murcia, Región de;30;Murcia;82962;61073;20096;1793;0
201006;Junio de 2010;15;Navarra, Comunidad Foral de;31;Navarra;32415;26010;6161;244;0
201006;Junio de 2010;16;País Vasco;1;Araba/Álava;14895;12319;2515;61;0
201006;Junio de 2010;16;País Vasco;20;Gipuzkoa;32519;27108;5178;233;0
201006;Junio de 2010;16;País Vasco;48;Bizkaia;49483;40912;8203;368;0
201006;Junio de 2010;17;Rioja, La;26;Rioja, La;15380;12220;2984;176;0
201006;Junio de 2010;18;Ceuta;51;Ceuta;3459;1395;1907;157;0
201006;Junio de 2010;19;Melilla;52;Melilla;3137;1517;1423;197;0
201007;Julio de 2010;1;Andalucía;4;Almería;52992;35001;14558;1293;2140
201007;Julio de 2010;1;Andalucía;11;Cádiz;74561;40969;23712;5146;4734
201007;Julio de 2010;1;Andalucía;14;Córdoba;53171;24747;15196;1641;11587
201007;Julio de 2010;1;Andalucía;18;Granada;57482;30665;17367;1618;7832
201007;Julio de 2010;1;Andalucía;21;Huelva;40123;24501;10320;948;4354
201007;Julio de 2010;1;Andalucía;23;Jaén;42681;19942;12046;1277;9416
201007;Julio de 2010;1;Andalucía;29;Málaga;95327;58918;27509;3392;5508
201007;Julio de 2010;1;Andalucía;41;Sevilla;123428;67262;35715;4294;16157
201007;Julio de 2010;2;Aragón;22;Huesca;8921;7296;1549;76;0
201007;Julio de 2010;2;Aragón;44;Teruel;5447;4114;1292;41;0
201007;Julio de 2010;2;Aragón;50;Zaragoza;49862;39942;9319;601;0
201007;Julio de 2010;3;Asturias, Principado de;33;Asturias;47198;34045;12338;815;0
201007;Julio de 2010;4;Balears, Illes;7;Balears, Illes;49295;36947;11705;643;0
201007;Julio de 2010;5;Canarias;35;Palmas, Las;76952;48389;24952;3611;0
201007;Julio de 2010;5;Canarias;38;Santa Cruz de Tenerife;67907;44503;21254;2150;0
201007;Julio de 2010;6;Cantabria;39;Cantabria;24087;18513;5109;465;0
201007;Julio de 2010;7;Castilla y León;5;Ávila;7293;5077;2062;154;0
201007;Julio de 2010;7;Castilla y León;9;Burgos;16350;12945;3168;237;0
201007;Julio de 2010;7;Castilla y León;24;León;21020;15508;5122;390;0
201007;Julio de 2010;7;Castilla y León;34;Palencia;6035;4393;1470;172;0
201007;Julio de 2010;7;Castilla y León;37;Salamanca;13909;9673;3757;479;0
201007;Julio de 2010;7;Castilla y León;40;Segovia;5506;4362;1094;50;0
201007;Julio de 2010;7;Castilla y León;42;Soria;3116;2422;659;35;0
201007;Julio de 2010;7;Castilla y León;47;Valladolid;22904;17983;4382;539;0
201007;Julio de 2010;7;Castilla y León;49;Zamora;6784;4780;1826;178;0
201007;Julio de 2010;8;Castilla - La Mancha;2;Albacete;20756;13755;6324;677;0
201007;Julio de 2010;8;Castilla - La Mancha;13;Ciudad Real;24011;15505;7943;563;0
201007;Julio de 2010;8;Castilla - La Mancha;16;Cuenca;8405;5705;2527;173;0
201007;Julio de 2010;8;Castilla - La Mancha;19;Guadalajara;13971;10964;2921;86;0
201007;Julio de 2010;8;Castilla - La Mancha;45;Toledo;38377;27873;9915;589;0
201007;Julio de 2010;9;Cataluña;8;Barcelona;347149;281348;63292;2509;0
201007;Julio de 2010;9;Cataluña;17;Girona;37911;29083;8582;246;0
201007;Julio de 2010;9;Cataluña;25;Lleida;18945;14674;4097;174;0
201007;Julio de 2010;9;Cataluña;43;Tarragona;46127;35235;10397;495;0
201007;Julio de 2010;10;Comunitat Valenciana;3;Alicante/Alacant;103392;69439;29851;4102;0
201007;Julio de 2010;10;Comunitat Valenciana;12;Castellón/Castelló;45864;36233;9370;261;0
201007;Julio de 2010;10;Comunitat Valenciana;46;Valencia/Valéncia;159695;122138;34901;2656;0
201007;Julio de 2010;11;Extremadura;6;Badajoz;39071;18517;13067;2111;5376
201007;Julio de 2010;11;Extremadura;10;Cáceres;22632;12303;6373;601;3355
201007;Julio de 2010;12;Galicia;15;Coruña, A;48836;35301;12292;1243;0
201007;Julio de 2010;12;Galicia;27;Lugo;11380;8029;3060;291;0
201007;Julio de 2010;12;Galicia;32;Ourense;12928;8364;4136;428;0
201007;Julio de 2010;12;Galicia;36;Pontevedra;48607;35159;12256;1192;0
201007;Julio de 2010;13;Madrid, Comunidad de;28;Madrid;329077;271518;54889;2670;0
201007;Julio de 2010;14;Murcia, Región de;30;Murcia;82182;61010;19326;1846;0
201007;Julio de 2010;15;Navarra, Comunidad Foral de;31;Navarra;32242;26011;5974;257;0
201007;Julio de 2010;16;País Vasco;1;Araba/Álava;15124;12613;2439;72;0
201007;Julio de 2010;16;País Vasco;20;Gipuzkoa;33459;28174;5050;235;0
201007;Julio de 2010;16;País Vasco;48;Bizkaia;49479;41247;7864;368;0
201007;Julio de 2010;17;Rioja, La;26;Rioja, La;15438;12315;2935;188;0
201007;Julio de 2010;18;Ceuta;51;Ceuta;3537;1497;1887;153;0
201007;Julio de 2010;19;Melilla;52;Melilla;3122;1546;1366;210;0
201008;Agosto de 2010;1;Andalucía;4;Almería;54673;36381;14690;1339;2263
201008;Agosto de 2010;1;Andalucía;11;Cádiz;74365;40688;23504;5189;4984
201008;Agosto de 2010;1;Andalucía;14;Córdoba;54141;25400;15305;1658;11778
201008;Agosto de 2010;1;Andalucía;18;Granada;58347;31504;17236;1666;7941
201008;Agosto de 2010;1;Andalucía;21;Huelva;41034;24825;10511;947;4751
201008;Agosto de 2010;1;Andalucía;23;Jaén;43899;20442;12263;1301;9893
201008;Agosto de 2010;1;Andalucía;29;Málaga;96213;59754;27427;3452;5580
201008;Agosto de 2010;1;Andalucía;41;Sevilla;125233;68715;35694;4301;16523
201008;Agosto de 2010;2;Aragón;22;Huesca;8856;7256;1520;80;0
201008;Agosto de 2010;2;Aragón;44;Teruel;5414;4075;1297;42;0
201008;Agosto de 2010;2;Aragón;50;Zaragoza;50232;40391;9225;616;0
201008;Agosto de 2010;3;Asturias, Principado de;33;Asturias;47252;34179;12226;847;0
201008;Agosto de 2010;4;Balears, Illes;7;Balears, Illes;51069;38817;11603;649;0
201008;Agosto de 2010;5;Canarias;35;Palmas, Las;75069;46940;24408;3721;0
201008;Agosto de 2010;5;Canarias;38;Santa Cruz de Tenerife;67161;43911;21040;2210;0
201008;Agosto de 2010;6;Cantabria;39;Cantabria;23943;18437;5030;476;0
201008;Agosto de 2010;7;Castilla y León;5;Ávila;7384;5154;2074;156;0
201008;Agosto de 2010;7;Castilla y León;9;Burgos;16555;13194;3115;246;0
201008;Agosto de 2010;7;Castilla y León;24;León;20876;15445;5028;403;0
201008;Agosto de 2010;7;Castilla y León;34;Palencia;5989;4392;1424;173;0
201008;Agosto de 2010;7;Castilla y León;37;Salamanca;14257;10158;3611;488;0
201008;Agosto de 2010;7;Castilla y León;40;Segovia;5509;4371;1087;51;0
201008;Agosto de 2010;7;Castilla y León;42;Soria;3098;2414;643;41;0
201008;Agosto de 2010;7;Castilla y León;47;Valladolid;22991;18184;4256;551;0
201008;Agosto de 2010;7;Castilla y León;49;Zamora;6594;4705;1706;183;0
201008;Agosto de 2010;8;Castilla - La Mancha;2;Albacete;21257;14179;6399;679;0
201008;Agosto de 2010;8;Castilla - La Mancha;13;Ciudad Real;24485;15921;7989;575;0
201008;Agosto de 2010;8;Castilla - La Mancha;16;Cuenca;8373;5666;2532;175;0
201008;Agosto de 2010;8;Castilla - La Mancha;19;Guadalajara;13944;10937;2915;92;0
201008;Agosto de 2010;8;Castilla - La Mancha;45;Toledo;38492;27858;10032;602;0
201008;Agosto de 2010;9;Cataluña;8;Barcelona;355481;289819;63100;2562;0
201008;Agosto de 2010;9;Cataluña;17;Girona;39084;30356;8482;246;0
201008;Agosto de 2010;9;Cataluña;25;Lleida;19236;15077;3974;185;0
201008;Agosto de 2010;9;Cataluña;43;Tarragona;46001;35338;10142;521;0
201008;Agosto de 2010;10;Comunitat Valenciana;3;Alicante/Alacant;105195;71152;29851;4192;0
201008;Agosto de 2010;10;Comunitat Valenciana;12;Castellón/Castelló;44761;35348;9135;278;0
201008;Agosto de 2010;10;Comunitat Valenciana;46;Valencia/Valéncia;161124;124020;34331;2773;0
201008;Agosto de 2010;11;Extremadura;6;Badajoz;38569;18490;12840;2143;5096
201008;Agosto de 2010;11;Extremadura;10;Cáceres;22334;12219;6264;639;3212
201008;Agosto de 2010;12;Galicia;15;Coruña, A;48984;35622;12118;1244;0
201008;Agosto de 2010;12;Galicia;27;Lugo;11472;8188;2993;291;0
201008;Agosto de 2010;12;Galicia;32;Ourense;12687;8237;4017;433;0
201008;Agosto de 2010;12;Galicia;36;Pontevedra;48290;35077;12002;1211;0
201008;Agosto de 2010;13;Madrid, Comunidad de;28;Madrid;330780;273734;54316;2730;0
201008;Agosto de 2010;14;Murcia, Región de;30;Murcia;82287;61462;18933;1892;0
201008;Agosto de 2010;15;Navarra, Comunidad Foral de;31;Navarra;32699;26543;5905;251;0
201008;Agosto de 2010;16;País Vasco;1;Araba/Álava;14706;12202;2441;63;0
201008;Agosto de 2010;16;País Vasco;20;Gipuzkoa;33171;27945;4986;240;0
201008;Agosto de 2010;16;País Vasco;48;Bizkaia;51651;43472;7810;369;0
201008;Agosto de 2010;17;Rioja, La;26;Rioja, La;15453;12357;2900;196;0
201008;Agosto de 2010;18;Ceuta;51;Ceuta;3447;1488;1808;151;0
201008;Agosto de 2010;19;Melilla;52;Melilla;3055;1475;1356;224;0
201009;Septiembre de 2010;1;Andalucía;4;Almería;51107;32291;15167;1420;2229
201009;Septiembre de 2010;1;Andalucía;11;Cádiz;75088;40826;24058;5290;4914
201009;Septiembre de 2010;1;Andalucía;14;Córdoba;53467;24765;15265;1712;11725
201009;Septiembre de 2010;1;Andalucía;18;Granada;57835;30857;17451;1722;7805
201009;Septiembre de 2010;1;Andalucía;21;Huelva;41700;24362;11201;1032;5105
201009;Septiembre de 2010;1;Andalucía;23;Jaén;42956;19769;12049;1337;9801
201009;Septiembre de 2010;1;Andalucía;29;Málaga;94810;57672;27983;3604;5551
201009;Septiembre de 2010;1;Andalucía;41;Sevilla;121218;66517;35028;4413;15260
201009;Septiembre de 2010;2;Aragón;22;Huesca;9216;7519;1609;88;0
201009;Septiembre de 2010;2;Aragón;44;Teruel;5552;4197;1305;50;0
201009;Septiembre de 2010;2;Aragón;50;Zaragoza;48043;38171;9218;654;0
201009;Septiembre de 2010;3;Asturias, Principado de;33;Asturias;47238;33929;12413;896;0
201009;Septiembre de 2010;4;Balears, Illes;7;Balears, Illes;50850;38204;11942;704;0
201009;Septiembre de 2010;5;Canarias;35;Palmas, Las;71792;43903;24062;3827;0
201009;Septiembre de 2010;5;Canarias;38;Santa Cruz de Tenerife;64837;41684;20796;2357;0
201009;Septiembre de 2010;6;Cantabria;39;Cantabria;24390;18733;5160;497;0
201009;Septiembre de 2010;7;Castilla y León;5;Ávila;7103;4934;2006;163;0
201009;Septiembre de 2010;7;Castilla y León;9;Burgos;16422;13040;3125;257;0
201009;Septiembre de 2010;7;Castilla y León;24;León;20917;15489;5023;405;0
201009;Septiembre de 2010;7;Castilla y León;34;Palencia;6025;4419;1435;171;0
201009;Septiembre de 2010;7;Castilla y León;37;Salamanca;13785;9730;3562;493;0
201009;Septiembre de 2010;7;Castilla y León;40;Segovia;5301;4188;1057;56;0
201009;Septiembre de 2010;7;Castilla y León;42;Soria;3036;2354;638;44;0
201009;Septiembre de 2010;7;Castilla y León;47;Valladolid;22596;17816;4210;570;0
201009;Septiembre de 2010;7;Castilla y León;49;Zamora;6534;4626;1724;184;0
201009;Septiembre de 2010;8;Castilla - La Mancha;2;Albacete;20510;13514;6317;679;0
201009;Septiembre de 2010;8;Castilla - La Mancha;13;Ciudad Real;23155;14917;7635;603;0
201009;Septiembre de 2010;8;Castilla - La Mancha;16;Cuenca;8072;5366;2525;181;0
201009;Septiembre de 2010;8;Castilla - La Mancha;19;Guadalajara;14005;10914;2989;102;0
201009;Septiembre de 2010;8;Castilla - La Mancha;45;Toledo;37707;27068;10011;628;0
201009;Septiembre de 2010;9;Cataluña;8;Barcelona;342359;275459;64204;2696;0
201009;Septiembre de 2010;9;Cataluña;17;Girona;40777;31394;9115;268;0
201009;Septiembre de 2010;9;Cataluña;25;Lleida;18612;14447;3962;203;0
201009;Septiembre de 2010;9;Cataluña;43;Tarragona;45669;34739;10367;563;0
201009;Septiembre de 2010;10;Comunitat Valenciana;3;Alicante/Alacant;103454;69043;30038;4373;0
201009;Septiembre de 2010;10;Comunitat Valenciana;12;Castellón/Castelló;43261;33679;9276;306;0
201009;Septiembre de 2010;10;Comunitat Valenciana;46;Valencia/Valéncia;158063;119676;35409;2978;0
201009;Septiembre de 2010;11;Extremadura;6;Badajoz;39926;19624;13064;2150;5088
201009;Septiembre de 2010;11;Extremadura;10;Cáceres;22651;12288;6468;648;3247
201009;Septiembre de 2010;12;Galicia;15;Coruña, A;49181;35639;12260;1282;0
201009;Septiembre de 2010;12;Galicia;27;Lugo;11764;8390;3077;297;0
201009;Septiembre de 2010;12;Galicia;32;Ourense;12768;8275;4050;443;0
201009;Septiembre de 2010;12;Galicia;36;Pontevedra;48442;34979;12221;1242;0
201009;Septiembre de 2010;13;Madrid, Comunidad de;28;Madrid;325154;267235;55019;2900;0
201009;Septiembre de 2010;14;Murcia, Región de;30;Murcia;85860;63768;20057;2035;0
201009;Septiembre de 2010;15;Navarra, Comunidad Foral de;31;Navarra;32293;26280;5750;263;0
201009;Septiembre de 2010;16;País Vasco;1;Araba/Álava;14620;12061;2492;67;0
201009;Septiembre de 2010;16;País Vasco;20;Gipuzkoa;32149;26823;5078;248;0
201009;Septiembre de 2010;16;País Vasco;48;Bizkaia;50490;42126;7978;386;0
201009;Septiembre de 2010;17;Rioja, La;26;Rioja, La;14678;11655;2830;193;0
201009;Septiembre de 2010;18;Ceuta;51;Ceuta;3408;1459;1796;153;0
201009;Septiembre de 2010;19;Melilla;52;Melilla;2977;1379;1369;229;0
201010;Octubre de 2010;1;Andalucía;4;Almería;45230;26808;14689;1485;2248
201010;Octubre de 2010;1;Andalucía;11;Cádiz;78228;42606;25170;5381;5071
201010;Octubre de 2010;1;Andalucía;14;Córdoba;51315;23701;14661;1727;11226
201010;Octubre de 2010;1;Andalucía;18;Granada;58050;30733;17869;1796;7652
201010;Octubre de 2010;1;Andalucía;21;Huelva;38761;21657;11294;1043;4767
201010;Octubre de 2010;1;Andalucía;23;Jaén;42516;19396;12113;1366;9641
201010;Octubre de 2010;1;Andalucía;29;Málaga;96456;58770;28735;3751;5200
201010;Octubre de 2010;1;Andalucía;41;Sevilla;120026;64978;34892;4533;15623
201010;Octubre de 2010;2;Aragón;22;Huesca;9872;8011;1772;89;0
201010;Octubre de 2010;2;Aragón;44;Teruel;5482;4078;1354;50;0
201010;Octubre de 2010;2;Aragón;50;Zaragoza;48483;38357;9439;687;0
201010;Octubre de 2010;3;Asturias, Principado de;33;Asturias;49579;35829;12805;945;0
201010;Octubre de 2010;4;Balears, Illes;7;Balears, Illes;57872;42975;14151;746;0
201010;Octubre de 2010;5;Canarias;35;Palmas, Las;70361;42310;24120;3931;0
201010;Octubre de 2010;5;Canarias;38;Santa Cruz de Tenerife;64055;40540;21081;2434;0
201010;Octubre de 2010;6;Cantabria;39;Cantabria;25560;19542;5504;514;0
201010;Octubre de 2010;7;Castilla y León;5;Ávila;7177;4983;2014;180;0
201010;Octubre de 2010;7;Castilla y León;9;Burgos;16710;13213;3229;268;0
201010;Octubre de 2010;7;Castilla y León;24;León;21285;15736;5144;405;0
201010;Octubre de 2010;7;Castilla y León;34;Palencia;6273;4625;1474;174;0
201010;Octubre de 2010;7;Castilla y León;37;Salamanca;14133;9880;3755;498;0
201010;Octubre de 2010;7;Castilla y León;40;Segovia;5417;4273;1088;56;0
201010;Octubre de 2010;7;Castilla y León;42;Soria;3256;2538;672;46;0
201010;Octubre de 2010;7;Castilla y León;47;Valladolid;22628;17712;4328;588;0
201010;Octubre de 2010;7;Castilla y León;49;Zamora;6790;4821;1776;193;0
201010;Octubre de 2010;8;Castilla - La Mancha;2;Albacete;21012;13838;6468;706;0
201010;Octubre de 2010;8;Castilla - La Mancha;13;Ciudad Real;24385;15679;8074;632;0
201010;Octubre de 2010;8;Castilla - La Mancha;16;Cuenca;8270;5396;2684;190;0
201010;Octubre de 2010;8;Castilla - La Mancha;19;Guadalajara;13992;10834;3038;120;0
201010;Octubre de 2010;8;Castilla - La Mancha;45;Toledo;38009;27023;10345;641;0
201010;Octubre de 2010;9;Cataluña;8;Barcelona;347013;277789;66373;2851;0
201010;Octubre de 2010;9;Cataluña;17;Girona;43726;33050;10392;284;0
201010;Octubre de 2010;9;Cataluña;25;Lleida;20451;15909;4332;210;0
201010;Octubre de 2010;9;Cataluña;43;Tarragona;47261;35513;11139;609;0
201010;Octubre de 2010;10;Comunitat Valenciana;3;Alicante/Alacant;103504;68628;30407;4469;0
201010;Octubre de 2010;10;Comunitat Valenciana;12;Castellón/Castelló;41089;31702;9056;331;0
201010;Octubre de 2010;10;Comunitat Valenciana;46;Valencia/Valéncia;150216;113059;34031;3126;0
201010;Octubre de 2010;11;Extremadura;6;Badajoz;42187;21236;13456;2163;5332
201010;Octubre de 2010;11;Extremadura;10;Cáceres;23043;12841;6483;667;3052
201010;Octubre de 2010;12;Galicia;15;Coruña, A;50526;36642;12564;1320;0
201010;Octubre de 2010;12;Galicia;27;Lugo;12315;8808;3200;307;0
201010;Octubre de 2010;12;Galicia;32;Ourense;13145;8484;4210;451;0
201010;Octubre de 2010;12;Galicia;36;Pontevedra;50909;36823;12793;1293;0
201010;Octubre de 2010;13;Madrid, Comunidad de;28;Madrid;323231;265140;55021;3070;0
201010;Octubre de 2010;14;Murcia, Región de;30;Murcia;82807;60463;20182;2162;0
201010;Octubre de 2010;15;Navarra, Comunidad Foral de;31;Navarra;31541;25495;5783;263;0
201010;Octubre de 2010;16;País Vasco;1;Araba/Álava;14957;12352;2529;76;0
201010;Octubre de 2010;16;País Vasco;20;Gipuzkoa;33243;27872;5113;258;0
201010;Octubre de 2010;16;País Vasco;48;Bizkaia;50361;41868;8100;393;0
201010;Octubre de 2010;17;Rioja, La;26;Rioja, La;14292;11320;2765;207;0
201010;Octubre de 2010;18;Ceuta;51;Ceuta;3417;1480;1788;149;0
201010;Octubre de 2010;19;Melilla;52;Melilla;3097;1453;1397;247;0
201011;Noviembre de 2010;1;Andalucía;4;Almería;42145;24115;14229;1563;2238
201011;Noviembre de 2010;1;Andalucía;11;Cádiz;80443;43950;25839;5585;5069
201011;Noviembre de 2010;1;Andalucía;14;Córdoba;50270;23146;14507;1801;10816
201011;Noviembre de 2010;1;Andalucía;18;Granada;57439;30472;17608;1899;7460
201011;Noviembre de 2010;1;Andalucía;21;Huelva;39476;21561;11742;1107;5066
201011;Noviembre de 2010;1;Andalucía;23;Jaén;41180;19193;11654;1405;8928
201011;Noviembre de 2010;1;Andalucía;29;Málaga;101065;62296;29615;3935;5219
201011;Noviembre de 2010;1;Andalucía;41;Sevilla;121633;65625;36155;4701;15152
201011;Noviembre de 2010;2;Aragón;22;Huesca;10035;8149;1791;95;0
201011;Noviembre de 2010;2;Aragón;44;Teruel;5709;4228;1427;54;0
201011;Noviembre de 2010;2;Aragón;50;Zaragoza;49622;39134;9762;726;0
201011;Noviembre de 2010;3;Asturias, Principado de;33;Asturias;50940;36940;13010;990;0
201011;Noviembre de 2010;4;Balears, Illes;7;Balears, Illes;84939;62993;21147;799;0
201011;Noviembre de 2010;5;Canarias;35;Palmas, Las;69512;41753;23612;4147;0
201011;Noviembre de 2010;5;Canarias;38;Santa Cruz de Tenerife;63233;39611;21063;2559;0
201011;Noviembre de 2010;6;Cantabria;39;Cantabria;26239;19991;5707;541;0
201011;Noviembre de 2010;7;Castilla y León;5;Ávila;7449;5187;2077;185;0
201011;Noviembre de 2010;7;Castilla y León;9;Burgos;17524;13812;3429;283;0
201011;Noviembre de 2010;7;Castilla y León;24;León;23073;17235;5376;462;0
201011;Noviembre de 2010;7;Castilla y León;34;Palencia;6694;4976;1530;188;0
201011;Noviembre de 2010;7;Castilla y León;37;Salamanca;14505;10155;3832;518;0
201011;Noviembre de 2010;7;Castilla y León;40;Segovia;5813;4588;1164;61;0
201011;Noviembre de 2010;7;Castilla y León;42;Soria;3450;2708;692;50;0
201011;Noviembre de 2010;7;Castilla y León;47;Valladolid;24180;19064;4506;610;0
201011;Noviembre de 2010;7;Castilla y León;49;Zamora;7149;5120;1825;204;0
201011;Noviembre de 2010;8;Castilla - La Mancha;2;Albacete;21537;14154;6624;759;0
201011;Noviembre de 2010;8;Castilla - La Mancha;13;Ciudad Real;25627;16403;8542;682;0
201011;Noviembre de 2010;8;Castilla - La Mancha;16;Cuenca;8511;5515;2795;201;0
201011;Noviembre de 2010;8;Castilla - La Mancha;19;Guadalajara;14192;10987;3077;128;0
201011;Noviembre de 2010;8;Castilla - La Mancha;45;Toledo;40149;28290;11159;700;0
201011;Noviembre de 2010;9;Cataluña;8;Barcelona;345358;275064;67222;3072;0
201011;Noviembre de 2010;9;Cataluña;17;Girona;47007;35061;11632;314;0
201011;Noviembre de 2010;9;Cataluña;25;Lleida;21250;16324;4696;230;0
201011;Noviembre de 2010;9;Cataluña;43;Tarragona;51333;38155;12541;637;0
201011;Noviembre de 2010;10;Comunitat Valenciana;3;Alicante/Alacant;105376;68933;31702;4741;0
201011;Noviembre de 2010;10;Comunitat Valenciana;12;Castellón/Castelló;41060;31195;9482;383;0
201011;Noviembre de 2010;10;Comunitat Valenciana;46;Valencia/Valéncia;147873;110338;34214;3321;0
201011;Noviembre de 2010;11;Extremadura;6;Badajoz;43705;22061;13882;2194;5568
201011;Noviembre de 2010;11;Extremadura;10;Cáceres;23761;13239;6681;699;3142
201011;Noviembre de 2010;12;Galicia;15;Coruña, A;51639;37531;12749;1359;0
201011;Noviembre de 2010;12;Galicia;27;Lugo;12753;9175;3256;322;0
201011;Noviembre de 2010;12;Galicia;32;Ourense;13401;8688;4235;478;0
201011;Noviembre de 2010;12;Galicia;36;Pontevedra;52433;37936;13142;1355;0
201011;Noviembre de 2010;13;Madrid, Comunidad de;28;Madrid;322978;263233;56493;3252;0
201011;Noviembre de 2010;14;Murcia, Región de;30;Murcia;83929;60583;20944;2402;0
201011;Noviembre de 2010;15;Navarra, Comunidad Foral de;31;Navarra;31718;25720;5722;276;0
201011;Noviembre de 2010;16;País Vasco;1;Araba/Álava;14668;12041;2555;72;0
201011;Noviembre de 2010;16;País Vasco;20;Gipuzkoa;32900;27493;5137;270;0
201011;Noviembre de 2010;16;País Vasco;48;Bizkaia;50082;41500;8181;401;0
201011;Noviembre de 2010;17;Rioja, La;26;Rioja, La;15249;11987;3044;218;0
201011;Noviembre de 2010;18;Ceuta;51;Ceuta;3156;1390;1622;144;0
201011;Noviembre de 2010;19;Melilla;52;Melilla;2868;1361;1259;248;0
201012;Diciembre de 2010;1;Andalucía;4;Almería;40705;23326;13635;1601;2143
201012;Diciembre de 2010;1;Andalucía;11;Cádiz;81035;44965;25491;5696;4883
201012;Diciembre de 2010;1;Andalucía;14;Córdoba;47513;22506;13479;1816;9712
201012;Diciembre de 2010;1;Andalucía;18;Granada;55587;29731;16859;1946;7051
201012;Diciembre de 2010;1;Andalucía;21;Huelva;40011;22331;11629;1132;4919
201012;Diciembre de 2010;1;Andalucía;23;Jaén;33471;16306;9035;1373;6757
201012;Diciembre de 2010;1;Andalucía;29;Málaga;102623;64093;29444;4084;5002
201012;Diciembre de 2010;1;Andalucía;41;Sevilla;121066;64925;36046;4828;15267
201012;Diciembre de 2010;2;Aragón;22;Huesca;9947;8118;1733;96;0
201012;Diciembre de 2010;2;Aragón;44;Teruel;6097;4546;1491;60;0
201012;Diciembre de 2010;2;Aragón;50;Zaragoza;49324;38861;9702;761;0
201012;Diciembre de 2010;3;Asturias, Principado de;33;Asturias;51194;37064;13089;1041;0
201012;Diciembre de 2010;4;Balears, Illes;7;Balears, Illes;101032;76148;24038;846;0
201012;Diciembre de 2010;5;Canarias;35;Palmas, Las;68634;41345;23038;4251;0
201012;Diciembre de 2010;5;Canarias;38;Santa Cruz de Tenerife;61735;38522;20581;2632;0
201012;Diciembre de 2010;6;Cantabria;39;Cantabria;27352;20945;5835;572;0
201012;Diciembre de 2010;7;Castilla y León;5;Ávila;7946;5494;2248;204;0
201012;Diciembre de 2010;7;Castilla y León;9;Burgos;17749;13999;3451;299;0
201012;Diciembre de 2010;7;Castilla y León;24;León;24585;18643;5456;486;0
201012;Diciembre de 2010;7;Castilla y León;34;Palencia;7052;5252;1607;193;0
201012;Diciembre de 2010;7;Castilla y León;37;Salamanca;15188;10756;3884;548;0
201012;Diciembre de 2010;7;Castilla y León;40;Segovia;6138;4924;1148;66;0
201012;Diciembre de 2010;7;Castilla y León;42;Soria;3664;2888;726;50;0
201012;Diciembre de 2010;7;Castilla y León;47;Valladolid;24502;19374;4490;638;0
201012;Diciembre de 2010;7;Castilla y León;49;Zamora;7704;5554;1920;230;0
201012;Diciembre de 2010;8;Castilla - La Mancha;2;Albacete;21827;14549;6491;787;0
201012;Diciembre de 2010;8;Castilla - La Mancha;13;Ciudad Real;26499;17311;8469;719;0
201012;Diciembre de 2010;8;Castilla - La Mancha;16;Cuenca;8876;5833;2833;210;0
201012;Diciembre de 2010;8;Castilla - La Mancha;19;Guadalajara;14190;10992;3071;127;0
201012;Diciembre de 2010;8;Castilla - La Mancha;45;Toledo;39211;27600;10880;731;0
201012;Diciembre de 2010;9;Cataluña;8;Barcelona;340731;271147;66359;3225;0
201012;Diciembre de 2010;9;Cataluña;17;Girona;47998;36241;11421;336;0
201012;Diciembre de 2010;9;Cataluña;25;Lleida;20460;15702;4523;235;0
201012;Diciembre de 2010;9;Cataluña;43;Tarragona;52132;38905;12533;694;0
201012;Diciembre de 2010;10;Comunitat Valenciana;3;Alicante/Alacant;104052;67953;31168;4931;0
201012;Diciembre de 2010;10;Comunitat Valenciana;12;Castellón/Castelló;39890;30342;9133;415;0
201012;Diciembre de 2010;10;Comunitat Valenciana;46;Valencia/Valéncia;143421;107127;32865;3429;0
201012;Diciembre de 2010;11;Extremadura;6;Badajoz;44115;22354;14076;2255;5430
201012;Diciembre de 2010;11;Extremadura;10;Cáceres;24305;13441;6800;725;3339
201012;Diciembre de 2010;12;Galicia;15;Coruña, A;52786;38642;12734;1410;0
201012;Diciembre de 2010;12;Galicia;27;Lugo;12936;9333;3265;338;0
201012;Diciembre de 2010;12;Galicia;32;Ourense;13633;8897;4249;487;0
201012;Diciembre de 2010;12;Galicia;36;Pontevedra;53779;39038;13331;1410;0
201012;Diciembre de 2010;13;Madrid, Comunidad de;28;Madrid;315748;256869;55456;3423;0
201012;Diciembre de 2010;14;Murcia, Región de;30;Murcia;78824;56302;20073;2449;0
201012;Diciembre de 2010;15;Navarra, Comunidad Foral de;31;Navarra;32755;26493;5969;293;0
201012;Diciembre de 2010;16;País Vasco;1;Araba/Álava;14481;11897;2508;76;0
201012;Diciembre de 2010;16;País Vasco;20;Gipuzkoa;32374;26975;5119;280;0
201012;Diciembre de 2010;16;País Vasco;48;Bizkaia;50107;41498;8195;414;0
201012;Diciembre de 2010;17;Rioja, La;26;Rioja, La;15181;11969;2990;222;0
201012;Diciembre de 2010;18;Ceuta;51;Ceuta;2943;1309;1495;139;0
201012;Diciembre de 2010;19;Melilla;52;Melilla;2775;1307;1237;231;0
